push_number,l_value
2,1
4,1
39,1
40,2
42,3
43,6
44,7
46,13
47,13
48,14
49,15
51,21
53,22
54,24
55,26
58,21
59,13
60,15
61,16
62,17
65,40
66,33
67,22
68,2
69,6
70,8
74,1
75,2
76,6
77,8
81,1
82,2
83,6
84,8
88,1
89,2
90,3
91,4
94,2
95,4
96,6
97,7
100,1
101,2
102,6
103,8
109,1
110,2
111,6
112,8
118,1
119,2
120,5
121,8
127,50
128,22
129,24
130,27
132,2
133,4
134,5
138,2
139,7
140,9
144,1
145,2
146,4
147,6
150,1
151,2
152,4
153,6
156,31
157,17
158,12
159,40
160,62
161,27
162,13
163,13
164,14
165,15
168,20
174,20
180,105
181,52
182,13
183,14
184,15
185,15
188,14
194,16
200,67
201,55
202,52
203,33
204,59
205,10
206,11
207,12
208,13
211,10
212,13
213,15
214,17
218,29
219,64
220,73
221,13
222,13
223,14
224,15
227,13
228,15
229,18
230,19
233,82
234,66
235,16
236,23
237,27
238,13
239,15
240,16
241,17
244,13
245,15
246,17
247,19
250,72
252,1
253,2
254,6
255,8
256,1
257,2
258,6
259,8
260,1
261,3
262,6
263,8
264,14
265,16
266,18
267,19
270,60
271,21
272,28
273,33
274,12
276,12
278,15
279,2
280,6
281,1
282,20
283,10
284,1
285,1
286,1
287,1
288,12
289,1
290,5
291,70
292,70
293,20
294,23
295,26
296,29
297,1
298,1
299,24
300,5
301,4
302,15
303,1
304,9
305,20
306,5
307,2
308,64
309,6
310,34
311,1
312,1
313,80
315,50
316,50
317,30
318,34
319,37
320,40
323,43
324,6
325,2
326,33
327,16
328,18
329,30
331,22
332,30
333,50
334,20
335,58
336,32
337,20
338,21
339,27
340,12
341,46
342,18
345,25
346,17
347,40
348,53
350,60
352,13
353,21
354,25
355,12
356,27
357,13
358,21
359,29
360,11
361,20
362,2
363,9
364,7
365,2
366,4
367,4
369,10
4231,147
4232,148
4233,148
4234,148
4235,149
4236,149
4237,149
4238,150
4239,150
4240,150
4241,100
4242,75
4243,5
4244,5
4245,5
4246,6
4247,6
4248,6
4249,7
4250,7
4251,7
4252,8
4253,8
4254,8
4255,9
4256,9
4257,9
4258,10
4259,10
4260,10
4261,11
4262,11
4263,11
4264,12
4265,12
4266,12
4267,13
4268,13
4269,13
4270,14
4271,14
4272,14
4273,15
4274,15
4275,15
4276,16
4277,16
4278,16
4279,17
4280,17
4281,17
4282,18
4283,18
4284,18
4285,19
4286,19
4287,19
4288,20
4289,20
4290,20
4291,21
4292,21
4293,21
4294,22
4295,22
4296,22
4297,23
4298,23
4299,23
4300,24
4301,24
4302,24
4303,25
4304,25
4305,25
4306,26
4307,26
4308,26
4309,27
4310,27
4311,27
4312,28
4313,28
4314,28
4315,29
4316,29
4317,29
4318,30
4319,30
4320,30
4321,31
4322,31
4323,31
4324,32
4325,32
4326,32
4327,33
4328,33
4329,33
4330,34
4331,34
4332,34
4333,35
4334,35
4335,35
4336,36
4337,36
4338,36
4339,37
4340,37
4341,37
4342,38
4343,38
4344,38
4345,39
4346,39
4347,39
4348,40
4349,40
4350,40
4351,41
4352,41
4353,41
4354,42
4355,42
4356,42
4357,43
4358,43
4359,43
4360,44
4361,44
4362,44
4363,45
4364,45
4365,45
4366,46
4367,46
4368,46
4369,47
4370,47
4371,47
4372,48
4373,48
4374,48
4375,49
4376,49
4377,49
4378,50
4379,50
4380,50
4381,82
4382,85
4383,51
4384,51
4385,51
4386,52
4387,52
4388,52
4389,53
4390,53
4391,53
4392,54
4393,54
4394,54
4395,55
4396,55
4397,55
4398,56
4399,56
4400,56
4401,57
4402,57
4403,57
4404,58
4405,58
4406,58
4407,59
4408,59
4409,59
4410,60
4411,60
4412,60
4413,61
4414,61
4415,61
4416,62
4417,62
4418,62
4419,63
4420,63
4421,63
4422,64
4423,64
4424,64
4425,65
4426,65
4427,65
4428,66
4429,66
4430,66
4431,67
4432,67
4433,67
4434,68
4435,68
4436,68
4437,69
4438,69
4439,69
4440,70
4441,70
4442,70
4443,71
4444,71
4445,71
4446,72
4447,72
4448,72
4449,73
4450,73
4451,73
4452,74
4453,74
4454,74
4455,75
4456,75
4457,75
4458,76
4459,76
4460,76
4461,77
4462,77
4463,77
4464,78
4465,78
4466,78
4467,79
4468,79
4469,79
4470,80
4471,80
4472,80
4473,81
4474,81
4475,81
4476,82
4477,82
4478,82
4479,83
4480,83
4481,83
4482,84
4483,84
4484,84
4485,85
4486,85
4487,85
4488,86
4489,86
4490,86
4491,87
4492,87
4493,87
4494,88
4495,88
4496,88
4497,89
4498,89
4499,89
4500,90
4501,90
4502,90
4503,91
4504,91
4505,91
4506,92
4507,92
4508,92
4509,93
4510,93
4511,93
4512,94
4513,94
4514,94
4515,95
4516,95
4517,95
4518,96
4519,96
4520,96
4521,97
4522,97
4523,97
4524,98
4525,98
4526,98
4527,99
4528,99
4529,99
4530,100
4531,100
4532,100
4533,101
4534,101
4535,101
4536,102
4537,102
4538,102
4539,103
4540,103
4541,103
4542,104
4543,104
4544,104
4545,105
4546,105
4547,105
4548,106
4549,106
4550,106
4551,107
4552,107
4553,107
4554,108
4555,108
4556,108
4557,109
4558,109
4559,109
4560,110
4561,110
4562,110
4563,111
4564,111
4565,111
4566,112
4567,112
4568,112
4569,113
4570,113
4571,113
4572,114
4573,114
4574,114
4575,115
4576,115
4577,115
4578,116
4579,116
4580,116
4581,117
4582,117
4583,117
4584,118
4585,118
4586,118
4587,119
4588,119
4589,119
4590,120
4591,120
4592,120
4593,121
4594,121
4595,121
4596,122
4597,122
4598,122
4599,123
4600,123
4601,123
4602,124
4603,124
4604,124
4605,125
4606,125
4607,125
4608,126
4609,126
4610,126
4611,127
4612,127
4613,127
4614,128
4615,128
4616,128
4617,129
4618,129
4619,129
4620,130
4621,130
4622,130
4623,131
4624,131
4625,131
4626,132
4627,132
4628,132
4629,133
4630,133
4631,133
4632,134
4633,134
4634,134
4635,135
4636,135
4637,135
4638,136
4639,136
4640,136
4641,137
4642,137
4643,137
4644,138
4645,138
4646,138
4647,139
4648,139
4649,139
4650,140
4651,140
4652,140
4653,141
4654,141
4655,141
4656,142
4657,142
4658,142
4659,143
4660,143
4661,143
4662,144
4663,144
4664,144
4665,145
4666,145
4667,145
4668,146
4669,146
4670,146
4671,147
4672,147
4673,147
4674,148
4675,148
4676,148
4677,149
4678,149
4679,149
4680,150
4681,150
4682,150
4683,5
4684,52
4685,5
4686,5
4687,6
4688,6
4689,6
4690,7
4691,7
4692,7
4693,8
4694,8
4695,8
4696,9
4697,9
4698,9
4699,10
4700,10
4701,10
4702,11
4703,11
4704,11
4705,12
4706,12
4707,12
4708,13
4709,13
4710,13
4711,14
4712,14
4713,14
4714,15
4715,15
4716,15
4717,16
4718,16
4719,16
4720,17
4721,17
4722,17
4723,18
4724,18
4725,18
4726,19
4727,19
4728,19
4729,20
4730,20
4731,20
4732,21
4733,21
4734,21
4735,22
4736,22
4737,22
4738,23
4739,23
4740,23
4741,24
4742,24
4743,24
4744,25
4745,25
4746,25
4747,26
4748,26
4749,26
4750,27
4751,27
4752,27
4753,28
4754,28
4755,28
4756,29
4757,29
4758,29
4759,30
4760,30
4761,30
4762,31
4763,31
4764,31
4765,32
4766,32
4767,32
4768,33
4769,33
4770,33
4771,34
4772,34
4773,34
4774,35
4775,35
4776,35
4777,36
4778,36
4779,36
4780,37
4781,37
4782,37
4783,38
4784,38
4785,38
4786,39
4787,39
4788,39
4789,40
4790,40
4791,40
4792,41
4793,41
4794,41
4795,42
4796,42
4797,42
4798,43
4799,43
4800,43
4801,44
4802,44
4803,44
4804,45
4805,45
4806,45
4807,46
4808,46
4809,46
4810,47
4811,47
4812,47
4813,48
4814,48
4815,48
4816,49
4817,49
4818,49
4819,50
4820,50
4821,50
4822,51
4823,51
4824,51
4825,52
4826,52
4827,52
4828,53
4829,53
4830,53
4831,54
4832,54
4833,54
4834,55
4835,55
4836,55
4837,56
4838,56
4839,56
4840,57
4841,57
4842,57
4843,58
4844,58
4845,58
4846,59
4847,59
4848,59
4849,60
4850,60
4851,60
4852,61
4853,61
4854,61
4855,62
4856,62
4857,62
4858,63
4859,63
4860,63
4861,64
4862,64
4863,64
4864,65
4865,65
4866,65
4867,66
4868,66
4869,66
4870,67
4871,67
4872,67
4873,68
4874,68
4875,68
4876,69
4877,69
4878,69
4879,70
4880,70
4881,70
4882,71
4883,71
4884,71
4885,72
4886,72
4887,72
4888,73
4889,73
4890,73
4891,74
4892,74
4893,74
4894,75
4895,75
4896,75
4897,76
4898,76
4899,76
4900,77
4901,77
4902,77
4903,78
4904,78
4905,78
4906,79
4907,79
4908,79
4909,80
4910,80
4911,80
4912,81
4913,81
4914,81
4915,82
4916,82
4917,82
4918,83
4919,83
4920,83
4921,84
4922,84
4923,84
4924,85
4925,85
4926,85
4927,86
4928,86
4929,86
4930,87
4931,87
4932,87
4933,88
4934,88
4935,88
4936,89
4937,89
4938,89
4939,90
4940,90
4941,90
4942,91
4943,91
4944,91
4945,92
4946,92
4947,92
4948,93
4949,93
4950,93
4951,94
4952,94
4953,94
4954,95
4955,95
4956,95
4957,96
4958,96
4959,96
4960,97
4961,97
4962,97
4963,98
4964,98
4965,98
4966,99
4967,99
4968,99
4969,100
4970,100
4971,100
4972,101
4973,101
4974,101
4975,102
4976,102
4977,102
4978,103
4979,103
4980,103
4981,104
4982,104
4983,104
4984,105
4985,105
4986,105
4987,106
4988,106
4989,106
4990,107
4991,107
4992,107
4993,108
4994,108
4995,108
4996,109
4997,109
4998,109
4999,110
5000,110
5001,110
5002,111
5003,111
5004,111
5005,112
5006,112
5007,112
5008,113
5009,113
5010,113
5011,114
5012,114
5013,114
5014,115
5015,115
5016,115
5017,116
5018,116
5019,116
5020,117
5021,117
5022,117
5023,118
5024,118
5025,118
5026,119
5027,119
5028,119
5029,120
5030,120
5031,120
5032,121
5033,121
5034,121
5035,122
5036,122
5037,122
5038,123
5039,123
5040,123
5041,124
5042,124
5043,124
5044,125
5045,125
5046,125
5047,126
5048,126
5049,126
5050,127
5051,127
5052,127
5053,128
5054,128
5055,128
5056,129
5057,129
5058,129
5059,130
5060,130
5061,130
5062,131
5063,131
5064,131
5065,132
5066,132
5067,132
5068,133
5069,133
5070,133
5071,134
5072,134
5073,134
5074,135
5075,135
5076,135
5077,136
5078,136
5079,136
5080,137
5081,137
5082,137
5083,138
5084,138
5085,138
5086,139
5087,139
5088,139
5089,140
5090,140
5091,140
5092,141
5093,141
5094,141
5095,142
5096,142
5097,142
5098,143
5099,143
5100,143
5101,144
5102,144
5103,144
5104,145
5105,145
5106,145
5107,146
5108,146
5109,146
5110,147
5111,147
5112,147
5113,148
5114,148
5115,148
5116,149
5117,149
5118,149
5119,150
5120,150
5121,150
5122,69
5123,5
5124,5
5125,5
5126,6
5127,6
5128,6
5129,7
5130,7
5131,7
5132,8
5133,8
5134,8
5135,9
5136,9
5137,9
5138,10
5139,10
5140,10
5141,11
5142,11
5143,11
5144,12
5145,12
5146,12
5147,13
5148,13
5149,13
5150,14
5151,14
5152,14
5153,15
5154,15
5155,15
5156,16
5157,16
5158,16
5159,17
5160,17
5161,17
5162,18
5163,18
5164,18
5165,19
5166,19
5167,19
5168,20
5169,20
5170,20
5171,21
5172,21
5173,21
5174,22
5175,22
5176,22
5177,23
5178,23
5179,23
5180,24
5181,24
5182,24
5183,25
5184,25
5185,25
5186,26
5187,26
5188,26
5189,27
5190,27
5191,27
5192,28
5193,28
5194,28
5195,29
5196,29
5197,29
5198,30
5199,30
5200,30
5201,31
5202,31
5203,31
5204,32
5205,32
5206,32
5207,33
5208,33
5209,33
5210,34
5211,34
5212,34
5213,35
5214,35
5215,35
5216,36
5217,36
5218,36
5219,37
5220,37
5221,37
5222,38
5223,38
5224,38
5225,39
5226,39
5227,39
5228,40
5229,40
5230,40
5231,41
5232,41
5233,41
5234,42
5235,42
5236,42
5237,43
5238,43
5239,43
5240,44
5241,44
5242,44
5243,45
5244,45
5245,45
5246,46
5247,46
5248,46
5249,47
5250,47
5251,47
5252,48
5253,48
5254,48
5255,49
5256,49
5257,49
5258,50
5259,50
5260,50
5261,51
5262,51
5263,51
5264,52
5265,52
5266,52
5267,53
5268,53
5269,53
5270,54
5271,54
5272,54
5273,55
5274,55
5275,55
5276,56
5277,56
5278,56
5279,57
5280,57
5281,57
5282,58
5283,58
5284,58
5285,59
5286,59
5287,59
5288,60
5289,60
5290,60
5291,61
5292,61
5293,61
5294,62
5295,62
5296,62
5297,63
5298,63
5299,63
5300,64
5301,64
5302,64
5303,65
5304,65
5305,65
5306,66
5307,66
5308,66
5309,67
5310,67
5311,67
5312,68
5313,68
5314,68
5315,69
5316,69
5317,69
5318,70
5319,70
5320,70
5321,71
5322,71
5323,71
5324,72
5325,72
5326,72
5327,73
5328,73
5329,73
5330,74
5331,74
5332,74
5333,75
5334,75
5335,75
5336,76
5337,76
5338,76
5339,77
5340,77
5341,77
5342,78
5343,78
5344,78
5345,79
5346,79
5347,79
5348,80
5349,80
5350,80
5351,81
5352,81
5353,81
5354,82
5355,82
5356,82
5357,83
5358,83
5359,83
5360,84
5361,84
5362,84
5363,85
5364,85
5365,85
5366,86
5367,86
5368,86
5369,87
5370,87
5371,87
5372,88
5373,88
5374,88
5375,89
5376,89
5377,89
5378,90
5379,90
5380,90
5381,91
5382,91
5383,91
5384,92
5385,92
5386,92
5387,93
5388,93
5389,93
5390,94
5391,94
5392,94
5393,95
5394,95
5395,95
5396,96
5397,96
5398,96
5399,97
5400,97
5401,97
5402,98
5403,98
5404,98
5405,99
5406,99
5407,99
5408,100
5409,100
5410,100
5411,101
5412,101
5413,101
5414,102
5415,102
5416,102
5417,103
5418,103
5419,103
5420,104
5421,104
5422,104
5423,105
5424,105
5425,105
5426,106
5427,106
5428,106
5429,107
5430,107
5431,107
5432,108
5433,108
5434,108
5435,109
5436,109
5437,109
5438,110
5439,110
5440,110
5441,111
5442,111
5443,111
5444,112
5445,112
5446,112
5447,113
5448,113
5449,113
5450,114
5451,114
5452,114
5453,115
5454,115
5455,115
5456,116
5457,116
5458,116
5459,117
5460,117
5461,117
5462,118
5463,118
5464,118
5465,119
5466,119
5467,119
5468,120
5469,120
5470,120
5471,121
5472,121
5473,121
5474,122
5475,122
5476,122
5477,123
5478,123
5479,123
5480,124
5481,124
5482,124
5483,125
5484,125
5485,125
5486,126
5487,126
5488,126
5489,127
5490,127
5491,127
5492,128
5493,128
5494,128
5495,129
5496,129
5497,129
5498,130
5499,130
5500,130
5501,131
5502,131
5503,131
5504,132
5505,132
5506,132
5507,133
5508,133
5509,133
5510,134
5511,134
5512,134
5513,135
5514,135
5515,135
5516,136
5517,136
5518,136
5519,137
5520,137
5521,137
5522,138
5523,138
5524,138
5525,139
5526,139
5527,139
5528,140
5529,140
5530,140
5531,141
5532,141
5533,141
5534,142
5535,142
5536,142
5537,143
5538,143
5539,143
5540,144
5541,144
5542,144
5543,145
5544,145
5545,145
5546,146
5547,146
5548,146
5549,147
5550,147
5551,147
5552,148
5553,148
5554,148
5555,149
5556,149
5557,149
5558,150
5559,150
5560,150
5561,5
5562,5
5563,5
5564,6
5565,6
5566,6
5567,7
5568,7
5569,7
5570,8
5571,8
5572,8
5573,9
5574,9
5575,9
5576,10
5577,10
5578,10
5579,11
5580,11
5581,11
5582,12
5583,12
5584,12
5585,13
5586,13
5587,13
5588,14
5589,14
5590,14
5591,15
5592,15
5593,15
5594,16
5595,16
5596,16
5597,17
5598,17
5599,17
5600,18
5601,18
5602,18
5603,19
5604,19
5605,19
5606,20
5607,20
5608,20
5609,21
5610,21
5611,21
5612,22
5613,22
5614,22
5615,23
5616,23
5617,23
5618,24
5619,24
5620,24
5621,25
5622,25
5623,25
5624,26
5625,26
5626,26
5627,27
5628,27
5629,27
5630,28
5631,28
5632,28
5633,29
5634,29
5635,29
5636,30
5637,30
5638,30
5639,31
5640,31
5641,31
5642,32
5643,32
5644,32
5645,33
5646,33
5647,33
5648,34
5649,34
5650,34
5651,35
5652,35
5653,35
5654,36
5655,36
5656,36
5657,37
5658,37
5659,37
5660,38
5661,38
5662,38
5663,39
5664,39
5665,39
5666,40
5667,40
5668,40
5669,41
5670,41
5671,41
5672,42
5673,42
5674,42
5675,43
5676,43
5677,43
5678,44
5679,44
5680,44
5681,45
5682,45
5683,45
5684,46
5685,46
5686,46
5687,47
5688,47
5689,47
5690,48
5691,48
5692,48
5693,49
5694,49
5695,49
5696,50
5697,50
5698,50
5699,51
5700,51
5701,51
5702,52
5703,52
5704,52
5705,53
5706,53
5707,53
5708,54
5709,54
5710,54
5711,55
5712,55
5713,55
5714,56
5715,56
5716,56
5717,57
5718,57
5719,57
5720,58
5721,58
5722,58
5723,59
5724,59
5725,59
5726,60
5727,60
5728,60
5729,61
5730,61
5731,61
5732,62
5733,62
5734,62
5735,63
5736,63
5737,63
5738,64
5739,64
5740,64
5741,65
5742,65
5743,65
5744,66
5745,66
5746,66
5747,67
5748,67
5749,67
5750,68
5751,68
5752,68
5753,69
5754,69
5755,69
5756,70
5757,70
5758,70
5759,71
5760,71
5761,71
5762,72
5763,72
5764,72
5765,73
5766,73
5767,73
5768,74
5769,74
5770,74
5771,75
5772,75
5773,75
5774,76
5775,76
5776,76
5777,77
5778,77
5779,77
5780,78
5781,78
5782,78
5783,79
5784,79
5785,79
5786,80
5787,80
5788,80
5789,81
5790,81
5791,81
5792,82
5793,82
5794,82
5795,83
5796,83
5797,83
5798,84
5799,84
5800,84
5801,85
5802,85
5803,85
5804,86
5805,86
5806,86
5807,87
5808,87
5809,87
5810,88
5811,88
5812,88
5813,89
5814,89
5815,89
5816,90
5817,90
5818,90
5819,91
5820,91
5821,91
5822,92
5823,92
5824,92
5825,93
5826,93
5827,93
5828,94
5829,94
5830,94
5831,95
5832,95
5833,95
5834,96
5835,96
5836,96
5837,97
5838,97
5839,97
5840,98
5841,98
5842,98
5843,99
5844,99
5845,99
5846,100
5847,100
5848,100
5849,101
5850,101
5851,101
5852,102
5853,102
5854,102
5855,103
5856,103
5857,103
5858,104
5859,104
5860,104
5861,105
5862,105
5863,105
5864,106
5865,106
5866,106
5867,107
5868,107
5869,107
5870,108
5871,108
5872,108
5873,109
5874,109
5875,109
5876,110
5877,110
5878,110
5879,111
5880,111
5881,111
5882,112
5883,112
5884,112
5885,113
5886,113
5887,113
5888,114
5889,114
5890,114
5891,115
5892,115
5893,115
5894,116
5895,116
5896,116
5897,117
5898,117
5899,117
5900,118
5901,118
5902,118
5903,119
5904,119
5905,119
5906,120
5907,120
5908,120
5909,121
5910,121
5911,121
5912,122
5913,122
5914,122
5915,123
5916,123
5917,123
5918,124
5919,124
5920,124
5921,125
5922,125
5923,125
5924,126
5925,126
5926,126
5927,127
5928,127
5929,127
5930,128
5931,128
5932,128
5933,129
5934,129
5935,129
5936,130
5937,130
5938,130
5939,131
5940,131
5941,131
5942,132
5943,132
5944,132
5945,133
5946,133
5947,133
5948,134
5949,134
5950,134
5951,135
5952,135
5953,135
5954,136
5955,136
5956,136
5957,137
5958,137
5959,137
5960,138
5961,138
5962,138
5963,139
5964,139
5965,139
5966,140
5967,140
5968,140
5969,141
5970,141
5971,141
5972,142
5973,142
5974,142
5975,143
5976,143
5977,143
5978,144
5979,144
5980,144
5981,145
5982,145
5983,145
5984,146
5985,146
5986,146
5987,147
5988,147
5989,147
5990,148
5991,148
5992,148
5993,149
5994,149
5995,149
5996,150
5997,150
5998,150
5999,75
6000,5
6001,5
6002,5
6003,6
6004,6
6005,6
6006,7
6007,7
6008,7
6009,8
6010,8
6011,8
6012,9
6013,9
6014,9
6015,10
6016,10
6017,10
6018,11
6019,11
6020,11
6021,12
6022,12
6023,12
6024,13
6025,13
6026,13
6027,14
6028,14
6029,14
6030,15
6031,15
6032,15
6033,16
6034,16
6035,16
6036,17
6037,17
6038,17
6039,18
6040,18
6041,18
6042,19
6043,19
6044,19
6045,20
6046,20
6047,20
6048,21
6049,21
6050,21
6051,22
6052,22
6053,22
6054,23
6055,23
6056,23
6057,24
6058,24
6059,24
6060,25
6061,25
6062,25
6063,26
6064,26
6065,26
6066,27
6067,27
6068,27
6069,28
6070,28
6071,28
6072,29
6073,29
6074,29
6075,30
6076,30
6077,30
6078,31
6079,31
6080,31
6081,32
6082,32
6083,32
6084,33
6085,33
6086,33
6087,34
6088,34
6089,34
6090,35
6091,35
6092,35
6093,36
6094,36
6095,36
6096,37
6097,37
6098,37
6099,38
6100,38
6101,38
6102,39
6103,39
6104,39
6105,40
6106,40
6107,40
6108,41
6109,41
6110,41
6111,42
6112,42
6113,42
6114,43
6115,43
6116,43
6117,44
6118,44
6119,44
6120,45
6121,45
6122,45
6123,46
6124,46
6125,46
6126,47
6127,47
6128,47
6129,48
6130,48
6131,48
6132,49
6133,49
6134,49
6135,50
6136,50
6137,50
6138,51
6139,51
6140,51
6141,52
6142,52
6143,52
6144,53
6145,53
6146,53
6147,54
6148,54
6149,54
6150,55
6151,55
6152,55
6153,56
6154,56
6155,56
6156,57
6157,57
6158,57
6159,58
6160,58
6161,58
6162,59
6163,59
6164,59
6165,60
6166,60
6167,60
6168,61
6169,61
6170,61
6171,62
6172,62
6173,62
6174,63
6175,63
6176,63
6177,64
6178,64
6179,64
6180,65
6181,65
6182,65
6183,66
6184,66
6185,66
6186,67
6187,67
6188,67
6189,68
6190,68
6191,68
6192,69
6193,69
6194,69
6195,70
6196,70
6197,70
6198,71
6199,71
6200,71
6201,72
6202,72
6203,72
6204,73
6205,73
6206,73
6207,74
6208,74
6209,74
6210,75
6211,75
6212,75
6213,76
6214,76
6215,76
6216,77
6217,77
6218,77
6219,78
6220,78
6221,78
6222,79
6223,79
6224,79
6225,80
6226,80
6227,80
6228,81
6229,81
6230,81
6231,82
6232,82
6233,82
6234,83
6235,83
6236,83
6237,84
6238,84
6239,84
6240,85
6241,85
6242,85
6243,86
6244,86
6245,86
6246,87
6247,87
6248,87
6249,88
6250,88
6251,88
6252,89
6253,89
6254,89
6255,90
6256,90
6257,90
6258,91
6259,91
6260,91
6261,92
6262,92
6263,92
6264,93
6265,93
6266,93
6267,94
6268,94
6269,94
6270,95
6271,95
6272,95
6273,96
6274,96
6275,96
6276,97
6277,97
6278,97
6279,98
6280,98
6281,98
6282,99
6283,99
6284,99
6285,100
6286,100
6287,100
6288,101
6289,101
6290,101
6291,102
6292,102
6293,102
6294,103
6295,103
6296,103
6297,104
6298,104
6299,104
6300,105
6301,105
6302,105
6303,106
6304,106
6305,106
6306,107
6307,107
6308,107
6309,108
6310,108
6311,108
6312,109
6313,109
6314,109
6315,110
6316,110
6317,110
6318,111
6319,111
6320,111
6321,112
6322,112
6323,112
6324,113
6325,113
6326,113
6327,114
6328,114
6329,114
6330,115
6331,115
6332,115
6333,116
6334,116
6335,116
6336,117
6337,117
6338,117
6339,118
6340,118
6341,118
6342,119
6343,119
6344,119
6345,120
6346,120
6347,120
6348,121
6349,121
6350,121
6351,122
6352,122
6353,122
6354,123
6355,123
6356,123
6357,124
6358,124
6359,124
6360,125
6361,125
6362,125
6363,126
6364,126
6365,126
6366,127
6367,127
6368,127
6369,128
6370,128
6371,128
6372,129
6373,129
6374,129
6375,130
6376,130
6377,130
6378,131
6379,131
6380,131
6381,132
6382,132
6383,132
6384,133
6385,133
6386,133
6387,134
6388,134
6389,134
6390,135
6391,135
6392,135
6393,136
6394,136
6395,136
6396,137
6397,137
6398,137
6399,138
6400,138
6401,138
6402,139
6403,139
6404,139
6405,140
6406,140
6407,140
6408,141
6409,141
6410,141
6411,142
6412,142
6413,142
6414,143
6415,143
6416,143
6417,144
6418,144
6419,144
6420,145
6421,145
6422,145
6423,146
6424,146
6425,146
6426,147
6427,147
6428,147
6429,148
6430,148
6431,148
6432,149
6433,149
6434,149
6435,150
6436,150
6437,150
6438,85
6439,90
6440,95
6441,200
6442,81
6443,126
6444,63
6445,80
6447,50
6448,50
6449,45
6450,121
6451,82
6452,120
6453,70
6454,87
6457,80
6458,100
6459,39
6460,98
6461,123
6462,45
6463,44
6464,40
6465,80
6466,29
6467,70
6468,59
6469,87
6470,68
6471,30
6472,57
6473,70
6474,93
6475,40
6476,40
6477,103
6478,70
6479,70
6480,70
6481,120
6482,73
6483,144
6484,90
6485,120
6486,200
6487,200
6488,200
6489,200
6490,200
6491,57
6492,60
6494,120
6495,172
6496,67
6497,63
6498,60
6500,60
6501,60
6503,57
6504,81
6505,100
6506,84
6507,90
6508,50
6509,120
6510,120
6511,120
6512,82
6513,55
6516,121
6517,80
6518,120
6519,80
6520,85
6521,129
6522,120
6523,120
6524,54
6525,94
6526,94
6528,88
6535,121
6536,120
6537,88
6538,84
6539,71
6540,87
6541,2
6542,3
6543,4
6544,5
6545,6
6546,7
6547,8
6548,9
6549,10
6550,11
6551,12
6552,13
6553,14
6554,15
6555,1
6556,2
6557,3
6558,4
6559,5
6560,6
6561,7
6562,8
6563,9
6564,10
6565,11
6566,12
6567,13
6568,14
6569,15
6570,1
6571,2
6572,3
6573,4
6574,5
6575,6
6576,7
6577,8
6578,9
6579,10
6580,11
6581,12
6582,13
6583,14
6584,15
6585,1
6586,2
6587,3
6588,4
6589,5
6590,6
6591,7
6592,8
6593,9
6594,10
6595,11
6596,12
6597,13
6598,14
6599,15
6600,1
6601,1
6602,1
6603,1
6604,1
6605,1
6606,1
6607,1
6608,1
6610,1
6611,1
6612,1
6613,1
6614,1
6615,1
6616,1
6617,1
6618,1
6619,1
6620,1
6621,1
6622,1
6624,1
6625,1
6626,1
6627,1
6628,2
6629,3
6630,4
6631,5
6632,6
6633,7
6634,8
6635,9
6636,10
6637,11
6638,12
6639,13
6640,14
6641,15
6642,50
6643,1
6644,1
6648,1
6649,1
6650,1
6651,1
6652,1
6653,1
6654,83
6655,1
6656,1
6657,1
6658,1
6659,1
6660,1
6661,1
6662,1
6663,1
6664,1
6666,1
6667,1
6668,1
6669,1
6670,1
6671,1
6672,100
6673,1
6676,25
6677,70
6679,1
6680,1
6681,1
6682,1
6683,1
6684,1
6685,1
6686,1
6687,1
6688,1
6689,1
6690,1
6706,150
6707,75
6708,1
6712,71
6713,100
6716,1
6717,1
6718,1
6719,20
6720,20
6721,20
6722,20
6723,20
6724,20
6725,20
6731,42
6732,42
6735,22
6736,22
6737,22
6738,70
6739,36
6740,69
6742,33
6743,33
6744,34
6745,33
6746,42
6747,42
6748,42
6749,42
6750,41
6752,41
6753,40
6755,40
6756,41
6757,41
6758,41
6760,41
6761,41
6763,33
6764,31
6765,1
6766,80
6767,80
6768,1
6769,80
6770,1
6771,4
6773,1
6774,80
6775,80
6776,80
6779,1
6780,1
6781,1
6782,1
6783,1
6784,1
6785,1
6786,1
6787,1
6788,1
6789,10
6790,1
6791,10
6792,10
6793,4
6794,10
6795,10
6796,10
6797,10
6798,1
6799,100
6800,1
6801,1
6802,1
6803,1
6804,100
6805,100
6806,1
6807,100
6808,1
6809,1
6810,1
6811,100
6812,100
6813,100
6814,1
6815,1
6816,1
6817,70
6818,1
6819,70
6820,1
6821,70
6822,1
6823,1
6824,1
6825,70
6826,1
6827,1
6828,1
6829,1
6830,70
6831,70
6832,1
6833,1
6834,70
6835,1
6836,1
6837,1
6838,1
6839,1
6840,1
6841,22
6842,22
6843,22
6844,22
6845,22
6846,1
6847,1
6848,1
6849,1
6850,1
6852,1
6853,1
6854,1
6855,1
6856,1
6857,1
6858,1
6859,1
6862,1
6863,1
6864,23
6866,1
6867,1
6868,10
6869,1
6870,1
6871,1
6872,1
6873,1
6874,1
6875,1
6876,1
6884,180
6885,100
6886,1
6887,1
6888,1
6889,1
6890,1
6891,1
6892,1
6893,1
6894,1
6895,1
6897,1
6898,1
6899,1
6900,1
6902,1
6903,1
6904,200
6905,1
6906,1
6907,1
6908,18
6909,22
6910,19
6911,5
6912,6
6913,6
6914,8
6915,21
6916,16
6917,15
6918,15
6919,3
6920,3
6921,9
6922,9
6924,12
6925,15
6926,36
6927,37
6928,38
6929,33
6930,44
6931,46
6933,47
6934,46
6935,45
6936,44
6937,44
6938,44
6939,44
6940,45
6941,45
6942,45
6943,45
6944,43
6945,43
6946,43
6947,43
6948,46
6949,46
6950,46
6951,46
6952,61
6953,61
6954,64
6955,49
6956,51
6957,37
6958,22
6961,17
6962,1
6963,1
6964,1
6965,1
6966,1
6967,1
6968,1
6969,1
6970,1
6971,1
6975,1
6978,60
6980,6
6981,150
6982,46
6983,143
6984,113
6986,1
6987,1
6988,172
6989,120
6990,113
6991,46
6992,55
6994,58
6995,105
6997,70
6998,120
6999,31
7000,40
7002,94
7003,135
7004,1
7005,1
7006,1
7007,1
7008,1
7009,1
7010,1
7012,77
7013,50
7015,50
7018,20
7020,30
7022,120
7023,60
7024,70
7025,80
7027,70
7028,80
7029,86
7030,70
7031,46
7032,70
7034,97
7035,100
7036,100
7037,98
7038,79
7039,47
7040,56
7041,1
7042,1
7043,1
7044,1
7045,1
7046,1
7051,1
7056,149
7057,1
7058,77
7059,100
7060,1
7061,1
7062,1
7068,50
7069,1
7070,1
7071,1
7072,1
7073,1
7074,1
7075,1
7076,1
7077,1
7078,1
7079,1
7080,1
7081,1
7082,1
7083,1
7084,1
7085,1
7086,1
7087,1
7088,1
7089,1
7090,1
7091,1
7092,1
7093,1
7094,1
7097,1
7098,1
7102,12
7103,145
7104,67
7105,0
7106,26
7107,33
7108,27
7109,34
7110,40
7112,6
7113,6
7114,6
7115,6
7116,59
7117,53
7118,90
7119,58
7120,44
7121,50
7122,18
7123,70
7124,1
7125,1
7128,54
7129,1
7130,1
7131,57
7133,1
7134,1
7135,1
7136,125
7137,44
7138,125
7140,125
7141,122
7142,145
7143,120
7144,108
7145,106
7146,81
7149,1
7150,111
7152,120
7153,126
7154,107
7155,113
7156,107
7157,124
7158,143
7159,135
7160,120
7161,107
7162,130
7163,124
7164,143
7165,105
7167,43
7168,63
7169,81
7171,127
7172,105
7173,27
7174,10
7175,1
7176,143
7177,1
7178,86
7179,1
7181,106
7183,88
7184,86
7186,0
7187,124
7188,113
7189,176
7190,100
7191,127
7192,111
7193,126
7194,96
7195,158
7197,150
7198,106
7199,135
7200,40
7201,66
7202,83
7203,93
7204,46
7205,62
7206,80
7207,93
7208,36
7209,59
7210,83
7211,98
7212,26
7213,142
7214,30
7215,121
7216,58
7217,159
7218,76
7219,56
7220,2
7221,152
7222,1
7223,1
7224,1
7225,1
7226,43
7227,75
7228,98
7229,64
7230,41
7231,63
7232,92
7233,65
7234,1
7235,1
7236,1
7237,1
7238,41
7239,49
7240,81
7241,70
7242,35
7243,76
7244,68
7245,57
7246,37
7247,77
7248,81
7249,57
7250,41
7251,80
7252,91
7253,62
7254,43
7255,83
7256,62
7257,76
7258,40
7259,40
7260,40
7261,220
7262,26
7263,42
7264,67
7265,150
7266,26
7267,42
7268,67
7269,150
7270,26
7271,42
7272,67
7273,67
7274,67
7275,29
7276,111
7277,80
7278,60
7279,19
7280,111
7281,80
7282,60
7283,85
7284,85
7285,43
7286,47
7287,47
7288,120
7289,120
7290,20
7291,87
7292,150
7293,130
7294,110
7295,200
7297,150
7298,150
7299,130
7300,110
7301,40
7302,200
7303,100
7304,150
7305,130
7306,110
7307,200
7308,100
7309,120
7310,30
7311,150
7312,170
7313,1
7314,6
7315,6
7316,6
7317,6
7318,6
7319,6
7320,6
7321,6
7322,6
7323,6
7324,6
7325,6
7326,6
7327,6
7328,6
7329,6
7330,1
7331,1
7332,1
7333,1
7334,1
7335,1
7336,1
7337,1
7338,1
7339,61
7340,62
7341,55
7342,26
7343,50
7344,0
7345,0
7346,0
7347,0
7348,0
7349,0
7350,1
7351,1
7352,1
7353,1
7354,1
7356,1
7357,1
7359,1
7360,1
7361,1
7362,1
7363,1
7364,1
7365,1
7366,1
7367,1
7368,126
7369,40
7370,120
7371,1
7372,1
7373,1
7374,1
7375,1
7376,1
7377,1
7378,1
7379,100
7380,100
7381,100
7382,100
7383,100
7384,100
7385,100
7386,120
7387,1
7388,1
7389,1
7390,1
7391,1
7392,1
7393,100
7394,1
7395,1
7396,1
7397,1
7398,1
7399,1
7400,10
7403,100
7404,100
7405,100
7406,100
7407,100
7408,100
7410,100
7411,100
7414,1
7415,1
7417,1
7418,1
7419,1
7420,1
7421,1
7422,1
7423,10
7425,1
7426,1
7427,1
7428,1
7429,1
7430,1
7431,1
7432,1
7433,20
7434,20
7435,20
7436,20
7437,20
7438,20
7439,1
7440,1
7441,1
7442,20
7443,20
7444,30
7445,30
7446,20
7447,20
7448,10
7449,20
7450,30
7451,10
7452,10
7453,10
7454,10
7455,10
7456,10
7457,10
7458,10
7459,10
7460,10
7461,1
7462,1
7463,1
7464,1
7465,1
7466,1
7467,1
7468,1
7469,1
7470,1
7471,1
7472,1
7473,1
7474,1
7475,1
7476,1
7477,1
7478,1
7479,1
7480,1
7481,1
7482,1
7483,1
7484,1
7485,1
7486,1
7487,1
7488,1
7489,1
7490,1
7491,1
7492,1
7493,1
7494,1
7495,1
7496,1
7497,1
7498,1
7499,1
7500,1
7501,1
7502,1
7505,1
7506,1
7507,1
7508,1
7509,100
7510,100
7511,100
7513,122
7514,123
7515,148
7516,110
7517,1
7518,1
7519,1
7520,1
7521,1
7522,1
7523,1
7524,1
7525,1
7526,1
7527,1
7528,1
7529,1
7530,1
7531,1
7532,1
7533,1
7534,1
7535,1
7536,1
7537,1
7538,1
7539,1
7540,1
7541,1
7542,1
7543,1
7544,1
7545,1
7546,1
7547,1
7548,1
7549,1
7550,1
7551,1
7552,50
7553,50
7554,50
7556,1
7557,110
7558,1
7559,164
7560,10
7561,1
7562,1
7563,1
7564,1
7565,1
7566,1
7567,1
7568,1
7569,1
7570,1
7571,1
7572,1
7573,1
7574,1
7575,1
7576,1
7577,1
7578,1
7579,1
7580,1
7581,1
7590,1
7591,1
7592,1
7593,1
7594,1
7595,1
7596,1
7597,1
7598,1
7599,1
7600,1
7601,1
7602,1
7603,1
7604,1
7605,1
7606,1
7607,1
7608,1
7609,1
7610,1
7611,1
7612,1
7613,1
7614,1
7615,1
7616,1
7617,1
7618,1
7619,1
7620,1
7621,1
7622,1
7623,1
7624,1
7625,1
7626,1
7627,1
7628,1
7629,1
7634,1
7635,1
7636,1
7637,1
7650,1
7651,1
7652,1
7653,30
7654,50
7655,70
7656,90
7657,40
7658,80
7659,20
7660,60
7661,35
7662,35
7663,50
7664,80
7665,100
7666,100
7667,45
7668,35
7669,45
7670,220
7671,20
7672,87
7673,1
7674,1
7675,1
7676,1
7677,1
7678,1
7679,1
7680,178
7682,1
7683,1
7684,1
7685,1
7686,1
7687,1
7688,1
7689,1
7690,1
7691,1
7692,1
7693,1
7694,1
7695,1
7696,1
7697,1
7698,1
7699,1
7700,1
7703,1
7704,1
7705,1
7706,1
7707,1
7708,1
7709,1
7710,1
7711,1
7712,1
7713,1
7714,1
7721,1
7722,1
7723,1
7724,1
7725,1
7726,1
7727,1
7728,1
7729,1
7730,1
7731,1
7733,1
7734,1
7735,1
7736,1
7737,1
7738,1
7739,1
7740,1
7741,1
7742,1
7743,1
7744,1
7745,1
7746,1
7753,229
7754,6
7755,1
7756,1
7757,1
7758,1
7759,1
7760,1
7761,1
7762,1
7763,1
7764,1
7765,1
7766,1
7767,1
7768,1
7769,1
7770,1
7771,1
7772,1
7773,1
7774,1
7775,1
7776,1
7777,1
7778,1
7779,1
7780,1
7781,1
7782,1
7783,1
7784,1
7785,1
7786,1
7787,1
7788,1
7789,1
7790,1
7791,1
7792,1
7793,1
7794,1
7795,1
7796,1
7797,1
7798,1
7799,60
7800,1
7801,1
7802,1
7803,1
7804,1
7805,1
7806,1
7807,1
7808,3
7809,1
7810,8
7811,1
7812,8
7813,4
7814,7
7815,7
7816,3
7817,1
7818,5
7819,1
7820,9
7821,5
7822,9
7823,2
7824,4
7825,10
7826,4
7827,8
7828,2
7829,8
7830,6
7831,6
7832,4
7833,10
7834,4
7835,8
7836,2
7837,8
7838,6
7839,6
7840,10
7841,4
7842,8
7843,6
7844,6
7845,10
7846,10
7847,10
7848,10
7849,10
7850,10
7851,8
7852,4
7853,8
7854,6
7855,6
7856,8
7857,8
7858,8
7859,8
7860,6
7861,6
7862,8
7863,8
7864,1
7865,1
7866,6
7867,10
7868,10
7869,10
7870,10
7871,10
7872,10
7873,10
7874,10
7875,10
7876,10
7879,1
7880,20
7881,38
7882,41
7883,38
7884,55
7885,37
7887,82
7888,69
7889,73
7890,75
7891,1
7892,1
7893,1
7894,1
7895,1
7896,1
7897,1
7898,1
7899,1
7900,1
7903,1
7904,1
7905,1
7906,1
7907,1
7908,90
7911,1
7913,1
7917,1
7918,30
7919,1
7920,1
7921,128
7922,1
7923,1
7924,100
7925,50
7926,120
7927,70
7929,1
7930,1
7931,1
7932,1
7934,1
7935,1
7936,1
7937,1
7938,1
7939,1
7940,1
7941,1
7942,1
7943,1
7944,1
7945,1
7946,1
7947,1
7948,1
7949,1
7950,1
7951,1
7952,1
7953,1
7954,1
7955,1
7956,1
7957,1
7958,1
7959,1
7960,1
7961,1
7962,1
7963,1
7964,1
7965,1
7966,1
7967,1
7968,1
7969,1
7970,1
7971,1
7972,1
7973,1
7974,1
7975,1
7976,1
7977,1
7978,1
7979,1
7980,1
7981,1
7982,1
7983,1
7984,1
7985,1
7986,1
7987,1
7988,1
7989,1
7990,1
7991,1
7992,1
7993,1
7994,1
7995,1
7996,1
7999,1
8000,1
8001,70
8002,40
8003,60
8004,53
8005,61
8006,60
8007,61
8008,60
8009,60
8010,1
8011,1
8012,1
8013,1
8016,1
8017,1
8020,1
8021,1
8022,1
8023,1
8024,1
8025,1
8026,1
8027,1
8028,1
8029,1
8030,1
8031,1
8032,1
8033,1
8034,1
8035,1
8036,1
8037,1
8038,1
8039,1
8040,1
8041,1
8042,1
8043,1
8044,1
8045,1
8049,1
8050,1
8052,1
8053,1
8054,1
8055,1
8056,1
8057,1
8058,1
8059,1
8060,1
8061,1
8062,1
8063,1
8064,1
8065,1
8066,1
8067,1
8068,1
8069,1
8070,1
8071,1
8072,6
8073,170
8075,1
8076,1
8077,1
8078,70
8079,1
8080,1
8081,1
8082,1
8083,1
8084,1
8085,1
8086,1
8087,20
8089,138
8090,114
8091,134
8092,135
8093,58
8094,169
8095,143
8096,140
8097,129
8098,1
8099,116
8100,112
8101,128
8102,120
8103,121
8104,129
8106,1
8107,1
8108,22
8109,21
8110,25
8111,23
8112,26
8113,22
8114,23
8116,58
8117,58
8118,59
8119,51
8120,45
8121,43
8122,54
8123,20
8124,20
8125,19
8126,12
8127,17
8128,18
8129,57
8130,55
8131,19
8132,43
8133,53
8134,53
8135,30
8136,48
8137,70
8138,40
8139,30
8140,40
8141,40
8142,140
8143,10
8144,1
8145,1
8146,86
8147,80
8148,81
8149,80
8150,84
8151,1
8152,80
8153,1
8154,1
8155,1
8156,130
8157,20
8158,50
8159,70
8160,70
8161,70
8162,1
8163,101
8164,1
8165,1
8166,1
8167,1
8168,1
8169,1
8170,1
8171,1
8172,1
8173,1
8174,1
8175,1
8176,1
8178,1
8179,1
8180,1
8181,84
8184,1
8185,1
8186,1
8187,1
8188,1
8211,1
8213,1
8214,1
8215,1
8216,1
8217,1
8218,1
8219,1
8220,1
8221,1
8222,1
8223,1
8224,1
8225,1
8226,1
8227,1
8228,1
8229,1
8230,1
8231,1
8232,1
8233,1
8234,1
8235,1
8236,1
8237,1
8238,1
8239,1
8240,1
8241,1
8242,1
8243,1
8244,1
8245,1
8246,1
8247,1
8248,1
8249,1
8250,1
8251,1
8252,1
8253,11
8255,10
8256,11
8257,10
8258,10
8260,133
8262,143
8263,126
8264,131
8265,139
8266,125
8267,141
8268,111
8269,105
8270,151
8271,108
8272,158
8273,100
8274,109
8275,151
8276,113
8277,163
8278,93
8279,109
8280,156
8281,103
8282,111
8283,149
8284,157
8285,98
8286,127
8287,128
8288,124
8289,128
8290,124
8291,129
8292,127
8293,126
8294,123
8295,122
8296,124
8297,124
8298,80
8299,80
8300,80
8301,80
8302,80
8303,80
8304,80
8305,1
8306,1
8307,150
8308,1
8309,1
8310,1
8311,1
8312,1
8313,1
8314,1
8315,1
8316,1
8317,1
8318,1
8319,1
8320,100
8321,100
8322,100
8323,100
8324,100
8325,110
8326,100
8327,100
8328,100
8330,72
8331,95
8333,19
8334,22
8335,1
8336,1
8337,1
8338,1
8339,1
8340,1
8341,1
8342,120
8343,120
8344,50
8345,50
8346,50
8347,50
8348,50
8349,50
8350,50
8351,50
8352,50
8353,50
8354,50
8355,50
8356,70
8357,70
8358,70
8359,80
8360,70
8361,70
8362,80
8363,80
8364,80
8365,400
8366,171
8367,400
8368,400
8369,80
8370,80
8371,80
8372,80
8373,100
8374,100
8375,100
8376,100
8377,1
8378,1
8379,20
8380,400
8381,400
8383,200
8384,200
8385,100
8386,100
8387,200
8388,100
8389,100
8390,50
8391,60
8392,60
8393,100
8394,100
8396,1
8397,100
8398,100
8399,100
8400,100
8401,100
8402,100
8403,100
8405,400
8406,400
8407,100
8408,400
8409,400
8410,400
8411,111
8412,111
8413,112
8414,128
8415,110
8416,111
8417,131
8418,112
8419,115
8420,127
8421,1
8424,1
8425,1
8428,1
8430,1
8431,1
8435,1
8436,140
8437,10
8438,100
8439,100
8441,100
8442,102
8443,105
8444,108
8445,103
8446,101
8447,101
8448,98
8449,1
8450,109
8451,105
8452,102
8453,103
8454,101
8455,102
8456,99
8457,133
8458,130
8459,134
8460,131
8461,133
8462,134
8463,114
8464,114
8465,110
8466,113
8467,110
8468,111
8469,138
8470,139
8471,136
8472,142
8473,141
8474,145
8476,1
8477,1
8478,1
8480,1
8481,42
8482,42
8483,40
8484,40
8485,100
8486,100
8487,200
8488,100
8489,100
8490,200
8491,100
8492,100
8493,200
8494,200
8495,200
8496,200
8497,1
8498,80
8499,60
8500,70
8501,80
8502,120
8503,70
8504,80
8505,120
8506,70
8507,100
8508,1
8509,10
8511,1
8513,40
8514,20
8515,5
8516,33
8517,1
8518,1
8519,5
8520,1
8521,9
8522,1
8523,200
8524,1
8525,1
8526,1
8527,14
8528,1
8529,1
8530,151
8531,33
8532,14
8533,1
8534,1
8535,1
8536,1
8537,1
8539,1
8540,1
8541,1
8542,1
8543,1
8544,1
8545,1
8546,1
8547,1
8548,1
8557,20
8558,6
8559,42
8561,1
8563,1
8564,1
8565,1
8566,1
8567,1
8568,1
8569,129
8570,40
8571,40
8573,1
8574,1
8576,20
8588,1
8590,1
8595,1
8596,145
8597,1
8598,67
8599,69
8600,1
8603,1
8604,100
8605,73
8606,1
8607,107
8608,85
8609,81
8611,72
8612,79
8613,70
8614,66
8615,83
8616,178
8617,62
8618,80
8619,40
8621,21
8624,1
8625,1
8626,21
8627,1
8628,40
8629,40
8630,40
8631,40
8632,40
8633,40
8634,40
8635,40
8636,40
8637,40
8638,40
8639,80
8640,80
8641,80
8642,80
8643,80
8644,80
8645,80
8646,80
8647,80
8648,80
8649,80
8650,80
8651,130
8652,130
8653,130
8654,130
8655,130
8656,130
8657,130
8658,130
8659,130
8660,130
8661,130
8662,130
8663,100
8664,100
8665,100
8666,100
8667,100
8668,100
8669,100
8670,100
8671,1
8672,31
8673,61
8674,101
8675,141
8676,95
8677,1
8678,36
8679,1
8680,10
8681,40
8682,10
8683,1
8684,1
8685,1
8686,1
8687,1
8688,1
8691,1
8692,1
8693,1
8694,1
8695,177
8699,164
370,50
371,1
372,11
373,6
374,5
375,3
376,3
377,5
379,4
380,30
381,28
382,16
383,9
384,9
385,9
386,14
387,14
388,14
389,12
390,32
391,32
392,32
393,14
394,14
395,20
396,32
397,32
398,32
399,1
400,10
405,60
406,39
407,18
408,43
409,23
410,1
411,24
412,24
413,24
414,24
415,24
416,24
417,17
418,39
419,39
420,1
421,1
422,1
423,40
424,46
425,70
426,46
427,10
428,10
429,24
430,23
431,31
432,33
433,34
434,32
435,32
436,30
437,32
438,70
439,70
440,70
441,10
442,20
443,30
444,50
446,70
447,1
448,22
450,30
454,1
455,26
456,33
458,19
459,1
460,30
461,50
462,28
463,32
464,32
465,50
466,50
467,50
468,1
469,33
470,90
471,40
472,80
473,10
474,60
476,20
477,70
478,47
479,40
480,24
481,70
482,27
483,29
484,31
485,44
486,14
487,70
489,1
490,1
491,1
492,1
493,1
494,1
495,1
496,1
497,1
498,1
499,1
500,1
501,30
502,17
515,62
519,1
520,20
521,20
522,20
524,20
526,60
527,40
528,20
529,1
530,1
531,1
532,50
533,20
534,1
535,1
536,10
537,1
538,1
539,20
543,30
544,30
545,30
546,30
547,30
548,1
577,1
578,1
579,1
580,10
582,1
583,20
586,30
587,40
592,36
593,40
594,50
596,1
597,1
598,1
600,20
602,80
603,1
607,1
610,24
616,22
617,41
619,85
620,61
629,21
638,35
639,47
640,46
641,6
642,6
643,5
646,11
648,18
649,39
650,39
651,70
652,13
653,17
654,18
657,56
658,34
673,8
675,21
676,25
677,1
678,25
679,1
680,50
683,1
684,1
686,1
690,1
692,1
694,6
695,1
697,6
698,33
699,22
700,6
701,22
702,30
703,36
704,36
705,47
707,33
708,30
709,37
710,17
711,26
712,33
713,1
714,1
715,1
716,1
717,1
718,1
719,1
720,1
721,1
724,20
725,20
726,20
727,20
728,20
729,20
730,20
731,1
732,26
733,49
734,17
737,6
739,6
743,60
744,20
745,10
746,20
747,10
748,30
749,40
750,60
752,15
754,29
756,15
757,3
758,30
759,33
760,1
761,1
764,1
765,13
766,1
767,1
768,1
769,2
770,2
771,8
772,22
773,14
774,14
775,17
776,14
778,6
779,34
781,21
782,27
783,22
785,11
786,2
787,1
790,30
791,34
792,45
793,1
795,1
796,1
797,1
798,1
799,1
800,1
801,1
802,1
803,1
804,1
805,1
806,1
807,1
808,1
809,1
810,1
811,1
812,1
814,1
815,1
816,1
817,1
818,1
819,15
820,16
821,17
822,23
823,24
824,26
825,23
826,24
827,26
828,11
829,8
830,24
831,27
832,29
833,23
834,25
835,27
836,5
837,8
838,75
840,125
841,8
842,64
843,64
844,74
845,74
846,74
847,74
848,70
849,1
850,1
851,1
852,1
853,1
854,1
856,1
859,1
860,1
861,2
862,8
863,8
864,8
867,32
878,1
879,1
880,35
881,2
882,19
883,2
884,2
885,2
886,35
888,26
889,27
890,1
891,2
892,4
893,20
894,23
895,25
896,27
897,30
898,33
899,36
900,39
901,18
902,13
903,17
904,18
905,41
906,31
907,34
908,37
909,39
910,76
911,1
912,99
916,37
917,89
918,100
919,34
920,100
922,1
923,74
924,19
926,45
927,93
928,45
929,120
932,8
933,13
934,16
935,1
936,3
937,6
938,1
940,1
941,1
942,1
943,1
944,1
945,8
946,12
947,19
948,10
949,3
8700,21
8701,95
8704,160
8706,1
8707,1
8708,1
8709,1
8711,1
8712,1
8713,100
8714,150
8715,150
8716,150
8717,150
8718,150
8719,150
8720,150
8721,150
8722,150
8723,150
8724,150
8725,150
8726,100
8727,100
8728,100
8729,40
8730,40
8731,150
8732,40
8733,40
8734,40
8735,40
8736,80
8737,80
8738,150
8739,80
8740,80
8741,80
8744,40
8745,40
8746,40
8747,40
8748,40
8749,40
8750,40
8751,40
8752,40
8753,80
8754,80
8755,80
8756,80
8757,80
8758,200
8759,80
8760,80
8761,200
8762,80
8763,80
8764,400
8765,100
8766,80
8767,80
8768,80
8769,80
8770,500
8771,120
8772,120
8773,100
8774,100
8775,100
8776,120
8777,500
8778,100
8779,100
8780,80
8781,100
8782,100
8783,100
8784,100
8785,100
8786,80
8787,80
8788,80
8789,500
8790,110
8791,110
8792,110
8793,110
8795,500
8796,120
8797,120
8798,500
8799,100
8800,110
8801,80
8802,120
8803,120
8804,120
8805,120
8806,120
8807,80
8808,200
8809,200
8810,80
8811,80
8812,999
8813,999
8814,1
8815,1
8816,1
8817,1
8818,152
8819,97
8820,133
8821,128
8822,134
8823,95
8824,123
8825,125
8826,132
8827,139
8828,1
8829,79
8832,110
8833,85
8834,97
8835,132
8836,119
8837,158
8838,186
8839,158
8841,158
8842,158
8843,180
8844,168
8845,104
8846,128
8847,134
8848,156
8849,138
8850,144
8851,1
8854,1
8855,11
8856,182
8858,100
8859,158
8860,60
8861,195
8863,162
8864,122
8865,120
8866,110
8867,61
8868,137
8869,136
8870,92
8871,128
8872,46
8873,39
8874,105
8876,191
8877,199
8878,79
8879,66
8880,84
8881,31
8883,1
8885,1
8886,1
8887,1
8888,1
8889,1
8890,1
8891,1
8892,1
8893,1
8894,1
8895,1
8897,1
8898,1
8899,1
8900,1
8901,1
8902,1
8903,1
8904,1
8905,1
8906,1
8907,1
8908,1
8909,1
8910,1
8911,1
8912,1
8913,110
8914,1
8915,1
8916,100
8917,40
8918,1
8919,30
8922,1
8923,1
8924,151
8925,185
8926,175
8927,171
8928,158
8929,149
8930,163
8931,186
8932,179
8933,162
8934,158
8935,176
8936,137
8937,156
8938,1
8939,1
8941,100
8942,1
8943,1
8944,1
8945,1
8946,1
8947,1
8948,1
8949,1
8950,1
8951,1
8952,1
8953,1
8954,1
8955,1
8956,100
8957,100
8958,100
8959,100
8960,100
8961,100
8962,100
8963,100
8966,100
8969,1
8970,1
8971,110
8972,120
8973,1
8974,1
8975,140
8976,1
8977,180
8978,1
8979,1
8980,1
8981,1
8982,1
8983,1
8984,1
8985,1
8986,1
8987,1
8988,1
8989,154
8990,1
8991,189
8992,200
8993,200
8994,150
8995,150
8996,250
8997,400
8998,900
9001,5
9002,5
9003,4
9004,3
9005,9
9006,7
9007,6
9008,8
9009,3
9010,3
9011,2
9012,2
9013,1
9014,1
9015,2
9016,3
9017,7
9018,4
9019,4
9020,3
9021,10
9022,5
9023,1
9024,7
9025,1
9026,4
9027,3
9028,4
9029,6
9030,5
9031,1
9035,1
9036,1
9037,1
9038,1
9039,1
9040,1
9041,1
9042,1
9043,1
9044,1
9045,1
9046,1
9047,1
9048,1
9049,1
9050,1
9051,1
9052,1
9053,1
9054,1
9055,1
9056,1
9057,1
9058,1
9060,1
9061,1
9062,1
9063,1
9064,1
9065,1
9066,1
9067,1
9068,1
9069,1
9070,1
9071,1
9072,1
9073,1
9074,1
9075,1
9076,1
9077,1
9078,1
9079,1
9080,1
9081,1
9082,1
9083,1
9084,1
9085,1
9086,1
9087,1
9088,1
9089,1
9090,1
9094,1
9096,1
9097,1
9098,1
9099,1
9100,1
9101,1
9103,1
9104,1
9105,1
9106,1
9107,1
9108,1
9109,1
9110,1
9112,1
9113,1
9114,1
9115,1
9116,1
9117,180
9118,1
9119,1
9120,30
9121,30
9122,50
9123,50
9124,50
9125,50
9126,80
9127,80
9128,80
9129,80
9130,181
9131,188
9132,180
9133,186
9134,187
9135,184
9136,191
9137,187
9138,176
9139,175
9140,181
9141,181
9142,190
9143,192
9144,177
9145,179
9147,185
9148,90
9149,50
9150,50
9151,50
9152,50
9153,80
9154,80
9155,80
9156,80
9157,90
9166,90
9167,50
9168,50
9169,50
9170,50
9171,80
9172,80
9173,80
9174,80
9175,90
9177,179
9178,179
9180,185
9181,189
9183,181
9184,33
9185,30
9186,48
9187,1
9188,40
9189,20
9190,35
9191,35
9192,45
9193,43
9194,44
9195,45
9196,45
9197,44
9198,45
9199,43
9200,1
9201,1
9202,1
9233,1
9234,1
9247,180
9248,40
9249,40
9250,40
9251,40
9252,40
9254,90
9255,1
9256,1
9263,113
9265,1
9266,1
9267,125
9269,134
9277,152
9278,144
9279,149
9280,900
9281,900
9339,1
9344,1
9345,1
9346,1
9348,1
9349,1
9350,1
9351,1
9352,1
9353,1
9354,1
9355,1
9356,1
9357,1
9358,1
9359,1
9360,1
9361,1
9362,1
9363,1
9366,49
9379,1
9380,1
9381,50
9382,40
9383,40
9384,100
9385,100
9386,100
9387,100
9388,100
9389,150
9391,150
9394,152
9395,161
9396,1
9401,400
9402,34
9403,27
9404,33
9405,37
9406,36
9407,37
9408,40
9409,39
9410,40
9411,36
9412,32
9413,30
9414,30
9415,30
9416,20
9417,32
9418,22
9451,21
9452,30
9453,48
9454,27
9455,30
9456,33
9457,33
9459,1
9460,1
9461,196
9463,189
9464,194
9468,191
9469,184
9471,1
9472,1
9474,1
9475,1
9476,1
9479,45
9480,33
9481,1
9482,1
9483,1
9484,1
9485,30
9486,33
9487,1
9488,1
9489,1
9490,1
9491,1
9492,1
9493,1
9494,1
9495,1
9496,1
9497,1
9498,1
9499,1
9500,1
9501,1
9502,1
9503,1
9504,1
9505,1
9506,1
9507,1
9508,1
9509,1
9510,1
9511,1
9512,1
9513,1
9514,1
9515,1
9516,1
9517,1
9518,1
9519,1
9520,1
9521,1
9522,1
9523,1
9524,1
9525,1
9526,1
9527,1
9528,1
9529,1
9530,1
9531,1
9533,1
9534,1
9535,1
9536,1
9537,1
9539,1
9540,48
9541,43
9542,40
9543,40
9544,30
9545,30
9546,30
9547,30
9548,30
9550,1
9551,1
9552,1
9553,1
9554,1
9555,1
9556,1
9557,1
9558,1
9566,1
9567,49
9569,46
9575,46
9576,47
9577,1
9578,1
9579,1
9580,1
9581,1
9582,1
9583,1
9590,1
9591,1
9592,1
9593,1
9594,1
9595,1
9596,1
9597,1
9598,1
9616,1
9617,1
9618,1
9619,1
9620,1
9621,1
9622,1
9623,1
9624,1
9625,1
9626,1
9627,1
9628,1
9629,1
9630,1
9631,1
9632,1
9633,1
9634,1
9635,1
9636,1
9637,1
9638,1
9639,1
9640,1
9641,1
9642,1
9643,1
9644,1
9645,1
9646,1
9647,1
9648,1
9649,1
9650,1
9651,1
9653,42
9654,48
9655,49
9656,43
9657,42
9658,47
9659,43
9660,47
9661,1
9662,43
9663,49
9664,1
9665,1
9666,1
9667,43
9668,1
9669,1
9670,1
9671,1
9672,1
9673,1
9674,1
9675,1
9676,1
9677,1
9678,1
9679,1
9680,1
9681,1
9682,1
9683,1
9684,1
9685,1
9686,1
9687,1
9688,1
9689,1
9690,1
9706,30
9707,40
9708,50
9709,60
9710,70
9711,30
9712,40
9713,50
9714,1
9715,1
9716,60
9717,70
9718,1
9719,1
9720,1
9722,1
9723,1
9724,30
9725,40
9726,50
9727,60
9728,70
9729,30
9730,40
9731,50
9735,60
9736,70
9739,30
9741,40
9742,50
9743,60
9744,70
9745,30
9746,40
9747,50
9748,60
9749,70
9750,30
9751,40
9752,50
9753,60
9754,70
9755,30
9756,40
9757,50
9758,60
9759,70
9760,1
9764,90
9766,90
9767,90
9768,90
9769,90
9770,90
9771,90
9773,90
9774,90
9775,90
9776,90
9777,90
9778,1
9780,1
9781,1
9782,1
9783,1
9784,1
9785,1
9786,1
9787,1
9788,1
9789,1
9790,1
9791,1
9792,1
9793,1
9794,1
9795,1
9796,1
9797,1
9798,1
9799,1
9800,1
9801,1
9802,1
9803,1
9804,1
9805,1
9806,1
9807,1
9808,1
9809,1
9810,1
9811,1
9812,1
9813,1
9814,1
9815,1
9816,1
9817,1
9818,1
9819,1
9820,1
9821,1
9822,1
9823,1
9824,1
9825,1
9826,1
9827,1
9828,1
9829,1
9830,1
9831,1
9832,1
9833,1
9834,1
9835,1
9836,1
9837,1
9838,1
9839,1
9840,1
9841,1
9842,1
9843,1
9844,1
9845,1
9846,1
9847,1
9848,1
9849,1
9850,1
9851,1
9852,1
9868,1
9869,1
9870,1
9882,1
9883,1
9884,1
9885,1
9886,1
9887,1
9888,1
9889,1
9890,1
9891,1
9892,1
9893,1
9894,1
9895,1
9896,1
9897,1
9898,1
9899,1
9900,1
9901,1
9902,1
9903,1
9904,1
9905,1
9906,1
9907,1
9908,1
9909,1
9910,1
9911,1
9912,1
9916,1
9917,1
9919,1
9920,1
9921,45
9922,38
9923,40
9924,42
9925,44
9926,39
9927,42
9928,42
9929,41
9930,38
9931,39
9932,1
9933,42
9934,1
9935,1
9936,37
9937,37
9938,38
9939,37
9940,20
9941,50
9943,43
9944,43
9945,38
9946,1
9947,1
9948,1
9949,1
9950,1
9951,1
9952,1
9953,50
9954,50
9955,50
9956,1
9958,1
9959,1
9960,1
9961,1
9962,1
9963,1
9964,1
9965,1
9966,1
9967,1
9968,1
9969,1
9970,1
9971,1
9972,1
9973,1
9974,1
9975,1
9976,1
9977,1
9978,1
9979,1
9980,1
9981,1
9982,1
9983,1
9984,1
9985,1
9986,1
9987,1
9988,1
9989,1
9990,1
9993,1
9995,10
9997,1
9999,1
10000,1
10003,1
10004,1
10005,1
10006,1
10007,1
10008,1
10009,1
10010,1
10011,1
10012,1
10013,1
10014,1
10015,1
10016,1
10017,1
10018,1
10019,1
10020,1
10021,1
10022,1
10023,1
10024,1
10025,1
10026,1
10028,1
10029,1
10030,1
10031,1
10032,1
10033,1
10034,1
10035,1
10036,1
10042,1
10043,1
10044,1
10052,1
10054,42
10055,45
10058,41
10061,41
10063,1
10073,1
10074,1
10075,1
10076,10
10077,1
10078,1
10079,100
10080,1
10081,1
10082,1
10083,1
10084,1
10085,10
10086,1
10087,1
10088,1
10089,1
10090,1
10091,1
10092,1
10102,42
10103,1
10104,1
10105,1
10106,1
10107,1
10108,1
10109,1
10118,1
10119,1
10121,1
10122,1
10125,30
10126,30
10127,30
10131,1
10132,1
10133,30
10134,1
10135,1
10140,1
10141,1
10142,1
10143,1
10144,1
10145,1
10146,1
10147,1
10148,1
10149,1
10150,1
10151,1
10152,1
10153,1
10155,43
10156,41
10157,43
10158,1
10159,1
10160,1
10161,1
10162,1
10163,1
10164,1
10165,1
10166,1
10167,1
10168,42
10169,1
10170,40
10171,44
10172,42
10173,39
10174,42
10175,42
10180,42
10181,41
10182,1
10183,42
10184,42
10185,41
10186,41
10187,41
10188,43
10190,38
10191,37
10192,1
10193,1
10194,1
10195,1
10207,1
10208,1
10209,1
10210,1
10211,1
10212,1
10213,1
10214,1
10215,1
10216,1
10217,1
10218,1
10219,1
10227,1
10228,1
10229,1
10230,1
10231,1
10233,1
10234,1
10235,1
10236,1
10237,1
10238,1
10239,1
10240,1
10241,1
10242,1
10244,1
10245,1
10246,1
10247,1
10248,1
10249,1
10250,1
10251,1
10252,1
10253,1
10254,1
10255,1
10256,1
10257,1
10258,1
10259,1
10260,1
10261,1
10262,1
10263,1
10264,1
10265,1
10266,1
10267,1
10268,1
10269,1
10270,1
10275,1
10278,1
10287,1
10289,1
10290,1
10291,1
10292,1
10293,1
10294,1
10295,1
10296,1
10297,1
10298,1
10299,1
10300,1
10302,1
10303,1
10304,1
10305,1
10306,1
10307,1
10308,1
10309,1
10310,1
10311,1
10312,1
10313,1
10325,1
10326,1
10327,1
10328,1
10330,1
10331,1
10332,1
10333,1
10334,1
10335,1
10336,1
10337,1
10338,1
10339,1
10340,1
10341,1
10342,1
10343,1
10344,1
10345,1
10346,1
10347,1
10348,1
10349,1
10350,1
10351,1
10352,1
10353,1
10354,1
10355,1
10356,1
10357,1
10358,1
10359,1
10360,1
10361,1
10382,1
10383,1
10384,1
10385,1
10386,1
10387,1
10388,1
10389,1
10390,1
10391,1
10392,1
10393,1
10394,1
10395,1
10396,1
10397,1
10398,1
10399,1
10400,1
10401,1
10402,1
10403,1
10404,1
10405,1
10407,1
10414,1
10417,1
10418,1
10456,1
10457,1
10458,1
10459,1
10460,1
10461,1
10462,1
10463,1
10464,1
10465,1
10466,1
10467,1
10468,1
10469,1
10470,1
10471,1
10472,1
10473,1
10474,1
10475,1
10476,1
10477,1
10478,1
10479,1
10480,1
10481,1
10482,1
10483,1
10484,1
10485,1
10486,1
10487,1
10488,1
10489,1
10490,1
10491,1
10492,1
10493,1
10494,1
10495,1
10496,1
10497,1
10498,1
10499,1
10500,1
10501,1
10502,1
10503,1
10504,1
10506,1
10507,1
10508,1
10509,1
10510,1
10511,1
10512,1
10513,1
10515,1
10516,1
10518,1
10519,1
10520,1
10544,1
10552,41
10553,41
10554,41
10555,1
10556,1
10557,43
10558,43
10559,41
10560,41
10561,42
10562,42
10563,1
10564,1
10587,100
10597,1
10598,1
10599,1
10601,1
10602,1
10603,1
10604,1
10605,1
10606,1
10608,1
10613,20
10615,20
10616,30
10618,30
10619,30
10621,1
10622,41
10623,42
10625,44
10626,41
10627,41
10628,42
10629,42
10630,43
10632,42
10633,44
10634,41
10635,41
10636,42
10637,43
10638,41
10639,41
10640,40
10641,41
10642,41
10643,43
10644,41
10645,43
10647,1
10648,1
10649,1
10650,1
10651,1
10652,1
10653,1
10654,1
10655,1
10656,1
10657,1
10658,1
10659,1
10660,1
10661,1
10662,20
10663,20
10664,1
10665,1
10667,1
10668,1
10669,1
10670,1
10673,1
10674,1
10675,1
10676,1
10677,1
10678,1
10680,1
10681,1
10682,1
10685,52
10686,54
10687,51
10688,53
10689,1
10690,1
10691,1
10692,1
10693,1
10694,1
10695,1
10696,1
10697,1
10698,1
10699,1
10700,1
10701,1
10702,1
10703,1
10704,1
10705,1
10706,1
10707,1
10708,1
10709,1
10710,1
10711,1
10712,1
10715,1
10716,1
10717,1
10718,1
10719,1
10720,1
10721,1
10722,1
10723,1
10724,1
10725,1
10726,1
10727,1
10728,1
10729,1
10730,1
10731,1
10732,1
10733,1
10734,1
10735,1
10736,1
10737,1
10738,1
10739,1
10740,1
10741,1
10742,1
10743,1
10744,1
10745,1
10746,1
10747,1
10748,1
10749,1
10750,1
10751,1
10752,1
10753,1
10754,1
10755,1
10756,1
10757,1
10758,1
10759,1
10760,1
10761,1
10762,1
10763,1
10764,1
10765,1
10766,1
10767,1
10768,1
10769,1
10770,1
10771,1
10772,1
10773,1
10774,1
10775,1
10776,1
10777,1
10778,1
10779,1
10780,1
10781,1
10782,1
10783,1
10784,1
10785,1
10786,1
10787,29
10788,29
10789,1
10790,1
10791,1
10792,1
10793,1
10794,1
10795,1
10796,1
10797,1
10798,1
10799,1
10801,1
10802,1
10804,1
10805,1
10806,1
10807,1
10808,1
10809,1
10810,1
10811,1
10813,1
10814,1
10815,1
10816,1
10817,1
10818,1
10825,1
10826,1
10827,1
10828,29
10829,40
10831,1
10832,1
10833,1
10834,11
10835,1
10836,64
10838,1
10839,1
10840,1
10841,1
10842,1
10843,1
10844,1
10846,61
10847,53
10848,52
10849,51
10850,52
10851,51
10852,53
10853,53
10854,54
10855,51
10856,47
10857,51
10858,53
10860,1
10861,1
10862,1
10863,1
10864,1
10865,1
10866,1
10867,1
10868,1
10869,1
10870,1
10871,1
10872,1
10873,1
10874,1
10875,1
10876,1
10877,1
10878,1
10879,1
10880,1
10881,1
10882,1
10883,1
10884,1
10885,1
10886,1
10887,1
10888,1
10889,1
10890,1
10891,1
10892,1
10893,1
10894,1
10895,1
10896,1
10897,1
10898,1
10899,50
10900,1
10901,1
10902,1
10903,1
10904,51
10906,1
10908,1
10909,1
10910,1
10911,1
10912,6
10913,7
10914,8
10915,1
10916,1
10917,1
10918,1
10919,1
10920,1
10921,1
10922,1
10923,1
10924,1
10925,1
10926,1
10927,1
10928,1
10929,1
10930,1
10931,1
10932,1
10933,1
10934,1
10935,1
10936,1
10937,1
10938,1
10939,1
10940,1
10941,1
10942,1
10943,1
10944,1
10945,1
10946,1
10947,1
10948,1
10949,1
10950,1
10951,1
10952,1
10953,1
10954,1
10955,33
10956,32
10957,35
10958,32
10959,39
10960,1
10961,1
10966,1
10967,1
10968,1
10969,20
10970,1
10971,20
10972,1
10973,20
10974,1
10985,1
10986,1
10991,1
11008,1
11009,1
11010,1
11011,1
11016,1
11026,1
11031,1
11036,1
11049,32
11050,32
11051,32
11052,34
11055,41
11056,42
11057,40
11058,43
11063,1
11064,1
11065,1
11066,1
11067,1
11068,1
11069,1
11072,1
11073,1
11074,1
11075,1
11100,1
11465,1
11466,1
11467,1
11468,1
11469,1
11470,1
11471,1
11472,1
11473,1
11474,190
11475,190
11476,1
11477,1
11478,9
11479,30
11480,30
11481,30
11482,37
11483,36
11484,36
11485,41
11486,22
11487,98
11488,88
11489,110
11490,133
11491,120
11492,145
11493,145
11494,180
11495,152
11496,55
11497,93
11498,1
11499,1
11500,1
11501,1
11502,1
11508,1
11509,1
11510,1
11511,1
11512,1
11513,1
11514,1
11515,1
11516,1
11517,1
11518,1
11519,1
11520,1
11521,1
11522,1
11523,1
11524,1
11525,1
11526,500
11527,500
11528,167
11529,178
11530,110
11531,194
11532,666
11533,666
11534,167
11535,172
11536,135
11537,172
11538,132
11539,195
11542,196
11543,194
11544,194
11545,193
11546,195
11547,194
11549,1
11550,1
11551,1
11552,1
11554,1
11555,1
11556,1
11557,1
11558,1
11559,1
11567,1
11568,1
11569,90
11570,90
11571,90
11572,90
11573,1
11574,1
11621,1
11622,1
11623,1
11700,1
11701,1
11702,1
11703,1
11704,1
11705,1
11706,1
11707,1
11708,1
11709,1
11710,1
11711,1
11712,1
11714,1
11715,1
11716,1
11717,1
11718,1
11719,1
11720,1
11721,1
11722,1
11723,1
11724,1
11725,1
11727,1
11728,1
11729,1
11732,1
11733,1
11734,1
11735,1
11736,1
11737,1
11738,1
11739,1
11740,1
11741,1
11742,1
11743,1
11744,1
11745,39
11747,1
11748,1
11749,1
11750,1
11751,1
11752,1
11753,1
11754,1
11755,60
11756,1
11757,1
11758,1
11759,1
11760,1
11761,200
11762,1
11763,1
11764,1
11765,1
11766,1
11767,1
11768,1
11769,1
11770,1
11771,1
11772,1
11773,1
11774,1
11775,1
11776,1
11777,1
11778,1
11779,1
11781,1
11782,1
11783,1
11784,1
11785,1
11800,1
11801,1
11802,1
11803,1
11804,1
11805,1
11806,1
11807,1
11808,1
11809,1
11811,1
11812,1
12004,1
12005,1
12006,1
12007,1
12010,1
12011,1
12012,1
12013,1
12014,1
12015,1
12016,1
12017,1
12018,1
12019,1
12020,1
12021,1
12022,1
12023,1
12024,1
12025,1
12150,1
12151,1
12152,1
12650,60
12651,60
12652,60
12653,60
12654,60
12655,60
12656,60
12657,60
12658,60
12659,60
12660,60
12661,60
12662,60
12663,60
12664,60
12665,60
12666,60
12667,60
12668,60
12669,60
12670,90
12671,90
12672,90
12673,90
12674,90
12675,90
12676,90
12677,90
12678,90
12679,90
12680,90
12681,90
12682,90
12683,90
12684,90
12685,90
12686,90
12687,90
12688,90
12689,90
12690,120
12691,120
12692,120
12693,120
12694,120
12695,120
12696,120
12697,120
12698,120
12699,120
12700,120
12701,120
12702,120
12703,120
12704,120
12705,120
12706,120
12707,120
12708,120
12709,120
12710,150
12711,150
12712,150
12713,150
12714,150
12715,150
12716,150
12717,150
12718,150
12719,150
12720,150
12721,150
12722,150
12723,150
12724,150
12725,150
12726,150
12727,150
12728,150
12729,150
12732,1
12733,1
12734,1
12735,1
12736,1
12737,1
12738,1
12739,1
12741,1
12742,1
12743,1
12744,1
12745,1
12746,1
12747,1
12748,1
12749,1
12750,1
12751,1
12753,1
12754,1
12755,1
12756,1
12757,1
12758,1
12759,1
12760,1
12761,1
12762,1
12763,1
12764,1
12765,1
12766,1
12767,1
12768,1
12769,23
12770,22
12771,41
12772,142
12773,139
12775,141
12776,1
12777,1
12778,1
12779,1
12780,1
12781,1
12794,1
12795,1
12796,1
12797,1
12798,1
12799,1
12800,1
12801,1
12802,1
12803,1
12804,50
12805,1
12806,1
12807,1
12808,1
12809,1
12810,1
12811,1
12812,1
12814,1
12815,1
12816,1
12817,1
12818,1
12819,1
12820,1
12821,1
12822,1
12823,1
12824,1
12825,1
12826,1
12827,1
12828,1
12833,1
12834,1
12835,1
12836,1
12837,1
12838,1
12839,1
12840,1
12841,1
12842,1
12843,1
12844,1
12845,1
12846,1
12847,1
12848,1
12849,1
12850,1
12851,1
12852,1
12853,1
12854,1
12855,1
12856,1
12857,1
12858,1
12859,1
12860,1
12861,1
12862,1
12863,1
12864,1
12865,1
12866,1
12867,1
12868,1
12869,1
12870,1
12871,1
12872,1
12873,1
12874,1
12875,1
12876,1
12877,1
12878,1
12879,1
12880,1
12881,1
12882,1
12935,1
12936,1
12937,1
12939,1
12940,1
12941,1
12942,1
12943,1
12944,1
12945,1
12946,1
12947,1
12948,1
12949,1
12950,1
12951,1
12952,1
12953,1
12954,1
12955,1
12956,1
12957,1
12958,1
12959,1
12960,1
12961,1
12962,1
12964,1
12965,1
12988,50
12989,50
13015,1
13016,1
13017,1
13018,1
13019,1
13020,1
13021,1
13022,1
13023,1
13024,1
13025,1
13026,1
13027,1
13028,1
13029,1
13030,1
13031,1
13032,1
13033,1
13034,1
13035,1
13036,1
13037,1
13038,1
13039,1
13040,1
13041,1
13042,1
13043,1
13044,1
13045,1
13046,1
13047,1
13048,1
13049,1
13050,1
13051,1
13052,1
13053,1
13054,1
13055,1
13056,1
13057,1
13058,1
13059,1
13060,1
13061,1
13062,1
13063,1
13064,1
13065,1
13066,1
13067,1
13068,1
13069,1
13070,1
13071,1
13072,1
13073,1
13074,1
13075,1
13076,1
13077,1
13078,1
13079,1
13080,1
13081,1
13082,1
13083,1
13084,1
13085,1
13086,1
13087,1
13088,1
13089,1
13090,1
13091,1
13092,1
13093,1
13094,1
13095,1
13096,1
13097,1
13098,1
13099,1
13100,1
13101,1
13102,1
13103,1
13104,1
13105,1
13106,1
13107,1
13108,1
13109,1
13110,1
13111,1
13112,1
13113,1
13114,1
13115,1
13116,1
13117,1
13118,1
13119,1
13120,1
13121,1
13122,1
13123,1
13124,1
13125,1
13126,1
13128,1
13129,1
13130,1
13131,1
13132,1
13133,1
13134,1
13135,1
13136,1
13137,1
13138,1
13139,1
13140,1
13141,1
13142,1
13143,1
13144,1
13145,1
13146,1
13147,1
13148,1
13149,41
13150,1
13151,1
13152,1
13153,1
13154,1
13155,1
13156,1
13157,1
13158,1
13159,1
13160,1
13161,1
13162,1
13163,1
13164,1
13165,1
13166,194
13167,196
13168,196
13169,195
13170,198
13171,11
13172,1
13173,1
13174,1
13175,1
13176,1
13177,20
13178,800
13179,90
13180,90
13181,90
13182,90
13183,90
13184,90
13185,90
13186,90
13187,1
13188,1
13189,1
13190,1
13192,1
13193,1
13194,1
13195,1
13196,1
13199,1
13200,1
13201,1
13202,1
13203,6
13204,97
13217,1
13218,1
13219,1
13220,1
13221,1
13222,1
13223,50
13224,1
13225,1
13226,1
13227,1
13228,1
13229,1
13230,1
13231,1
13232,1
13233,1
13234,1
13235,1
13236,1
13237,1
13238,1
13240,1
13241,1
13242,1
13243,1
13244,1
13245,1
13246,1
13247,1
13248,1
13249,1
13250,1
13253,6
13255,1
13257,1
13258,1
13259,1
13260,1
13261,1
13262,1
13263,1
13264,1
13265,1
13266,1
13267,1
13268,1
13269,1
13270,1
13271,1
13272,1
13273,1
13274,1
13275,1
13276,1
13277,1
13278,1
13279,1
13280,1
13281,1
13282,32
13283,1
13284,1
13285,1
13286,1
13287,1
13288,1
13289,1
13290,1
13291,1
13292,1
13293,1
13294,1
13295,1
13297,1
13298,1
13299,1
13300,1
13301,1
13302,50
13304,1
13306,1
13307,1
13308,1
13309,1
13346,1
13349,1
13350,1
13352,1
13353,1
14001,1
14002,1
14003,1
14004,1
14005,1
14006,1
14007,1
14008,1
14009,1
14010,1
14012,1
14013,1
14014,1
14015,1
14016,1
14018,1
14019,1
14020,1
14021,1
14022,1
14023,1
14026,1
14027,1
14028,1
14029,1
14030,1
14031,1
14033,1
14034,1
14035,1
14036,1
14037,1
14038,1
14039,1
14040,1
14041,1
14042,1
14043,1
14044,1
14045,1
14046,1
14047,1
14048,1
14049,1
14050,1
14051,1
14052,1
14053,1
15001,1
15002,1
15003,1
15004,1
15005,1
15006,1
15007,1
15008,1
15009,1
15010,1
15011,1
15012,1
15013,1
15014,1
15015,1
15016,1
15017,1
15018,1
15019,1
15020,1
15021,1
15022,1
15023,1
15024,1
15025,1
15026,1
15027,1
15028,1
15029,1
15030,1
15031,1
15032,1
15033,1
15034,1
15035,1
15036,1
15037,1
15038,1
15039,1
15040,1
15041,1
15042,1
15043,1
15044,1
15045,1
15046,1
15047,1
15048,1
15049,1
15050,1
15051,1
15052,1
15053,1
15054,1
15055,1
15056,1
15057,1
15058,1
15059,1
15060,1
15061,1
15062,1
15063,1
15064,1
15065,1
15066,1
15067,1
15068,1
15069,1
15070,1
15071,1
15072,1
15073,1
15074,1
15075,1
15076,1
15077,1
15078,1
15079,1
15080,1
15081,1
15082,1
15083,1
15084,1
15085,1
15086,1
15087,1
15088,1
15089,1
15090,1
15091,1
15092,1
15093,1
15094,1
15095,1
15096,1
15097,1
15098,1
15099,1
15100,1
15101,1
15102,1
15103,1
15104,1
15105,1
15106,1
15107,1
15108,1
15109,1
15110,1
15111,1
15112,1
15113,1
15114,1
15115,1
15116,1
15117,1
15118,1
15119,1
15120,1
15121,1
15122,1
15123,1
15124,1
15125,1
15126,1
15127,1
15128,1
15129,1
15130,1
15131,1
15132,1
15133,1
15134,1
15135,1
15136,1
15137,1
15138,1
15139,1
15140,1
15141,1
15142,1
15143,1
15144,1
15145,1
15146,1
15147,1
15148,1
15149,1
15150,1
15151,1
15152,1
15153,1
15154,1
15155,1
15156,1
15157,1
15158,1
15159,1
15160,1
15161,1
15162,1
15163,1
15164,1
15165,1
15166,1
15167,1
15168,1
15169,1
15170,1
15171,1
15172,1
15173,1
15174,1
15175,1
15176,1
15177,1
15178,1
15179,1
15180,1
15181,1
15182,1
15183,1
15184,1
15185,1
15186,1
15187,1
15188,1
15189,1
15190,1
15191,1
15192,1
15193,1
15194,1
15195,1
15196,1
15197,1
15198,1
15199,1
15200,1
15201,1
15202,1
15203,1
15204,1
15205,1
15206,1
15207,1
15208,1
15209,1
15210,1
15211,1
15212,1
15213,1
15214,1
15215,1
15216,1
15217,1
15218,1
15219,1
15220,1
15221,1
15222,1
15223,1
15224,1
15225,1
15226,1
15227,1
15228,1
15229,1
15230,1
15231,1
15232,1
15233,1
15234,1
15235,1
15236,1
15237,1
15238,1
15239,1
15240,1
15241,1
15242,1
15243,1
15244,1
15245,1
15246,1
15247,1
15248,1
15249,1
15250,1
15251,1
15252,1
15253,1
15254,1
15255,1
15256,1
15257,1
15258,1
15259,1
15260,1
15261,1
15262,1
15263,1
15264,1
15265,1
15266,1
15267,1
15268,1
15269,1
15270,1
15271,1
15272,1
15273,1
15274,1
15275,1
15276,1
15277,1
15278,1
15279,1
15280,1
15281,1
15282,1
15283,1
15284,1
15285,1
15286,1
15287,1
15288,1
15289,1
15290,1
15291,1
15292,1
15293,1
15294,1
15295,1
15296,1
15297,1
15298,1
15299,1
15300,1
15301,1
15302,1
15303,1
15304,1
15305,1
15306,1
15307,1
15308,1
15309,1
15310,1
15311,1
15312,1
15313,1
15314,1
15315,1
15316,1
15317,1
15318,1
15319,1
15320,1
15321,1
15322,1
15323,1
15324,1
15325,1
15326,1
15327,1
15328,1
15329,1
15330,1
15331,1
15332,1
15333,1
15334,1
15335,1
15336,1
15337,1
15338,1
15339,1
15340,1
15341,1
15342,1
15343,1
15344,1
15345,1
15346,1
15347,1
15348,1
15349,1
15350,1
15351,1
15352,1
15353,1
15354,1
15355,1
15356,1
15357,1
15358,1
15359,1
15360,1
15361,1
15362,1
15363,1
15364,1
15365,1
15366,1
15367,1
15368,1
15369,1
15370,1
15371,1
15372,1
15373,1
15374,1
15375,1
15376,1
15377,1
15378,1
15379,1
15380,1
15381,1
15382,1
15383,1
15384,1
15385,1
15386,1
15387,1
15388,1
15389,1
15390,1
15391,1
15392,1
15393,1
15394,1
15395,1
15396,1
15397,1
15398,1
15399,1
15400,1
15401,1
15402,1
15403,1
15404,1
15405,1
15406,1
15407,1
15408,1
15409,1
15410,1
15411,1
15412,1
15413,1
15414,1
15415,1
15416,1
15417,1
15418,1
15419,1
15420,1
15421,1
15422,1
15423,1
15424,1
15425,1
15426,1
15427,1
15428,1
15429,1
15430,1
15431,1
15432,1
15433,1
15434,1
15435,1
15436,1
15437,1
15438,1
15439,1
15440,1
15441,1
15442,1
15443,1
15444,1
15445,1
15446,1
15447,1
15448,1
15449,1
15450,1
15451,1
15452,1
15453,1
15454,1
15455,1
15456,1
15457,1
15458,1
15459,1
15460,1
15461,1
15462,1
15463,1
15464,1
16000,1
16001,1
16013,1
16014,1
16015,1
16016,1
16017,1
16018,1
16019,1
16020,1
16021,1
16022,1
16023,1
16024,1
16025,1
16026,1
16027,1
16028,1
16029,1
16030,1
16031,1
16032,1
16033,1
16034,1
16035,1
16036,1
16037,1
16038,1
16039,1
16040,1
16041,1
16042,1
16043,1
16044,1
16045,1
16046,1
16047,1
16048,1
16049,1
16050,1
16051,1
16052,1
16053,1
16054,1
16055,1
16056,1
16057,1
16058,1
16059,1
16060,1
16061,1
16062,1
16063,1
16064,1
16065,1
16066,1
16067,1
16068,1
16069,1
16070,1
16071,1
16072,1
16073,1
16074,1
16075,1
16076,1
16077,1
16078,1
16079,1
16080,1
16081,1
16082,1
16083,1
16084,1
16085,1
16086,1
16087,1
16088,1
16089,1
16090,1
16091,1
16092,1
16093,1
16094,1
16095,1
16096,1
16097,1
16098,1
16099,1
16100,1
16101,1
16102,1
16103,1
16104,1
16105,1
16106,1
16107,1
16108,1
16109,1
16110,1
16111,1
16112,1
16113,1
16114,1
16115,1
16116,1
16117,1
16118,1
16119,1
16120,1
16121,1
16122,1
16123,1
16124,1
16125,1
16126,1
16127,1
16128,1
16129,1
16130,1
16131,1
16132,1
16133,1
16134,1
16135,1
16136,1
16137,1
16138,1
16139,1
16140,1
16141,1
16142,1
16143,1
16144,1
16145,1
16146,1
16147,1
16148,1
16149,1
16150,1
16151,1
16152,1
16153,1
16154,1
16155,1
16156,1
16157,1
16158,1
16159,1
16160,1
16161,1
16162,1
16163,1
16164,1
16165,1
16166,1
16167,1
16168,1
16169,1
16170,1
16171,1
16172,1
16173,1
16174,1
16175,1
16176,1
16177,1
16178,1
16179,1
16180,1
16181,1
16182,1
16183,1
16184,1
16185,1
16186,1
16187,1
16188,1
16189,1
16190,1
16191,1
16192,1
16193,1
16194,1
16195,1
16196,1
16197,1
16198,1
16199,1
16200,1
16201,1
16202,1
16203,1
16204,1
16205,1
16206,1
16207,1
16208,1
16209,1
16210,1
16211,1
16212,1
16213,1
16214,1
16215,1
16216,1
16217,1
16218,1
16219,1
16220,1
16221,1
16222,1
16223,1
16224,1
16225,1
16226,1
16227,1
16228,1
16229,1
16230,1
16231,1
16232,1
16233,1
16234,1
16235,1
16236,1
16237,1
16238,1
16239,1
16240,1
16241,1
16242,1
16243,1
16244,1
16245,1
16246,1
16247,1
16248,1
16249,1
16250,1
16251,1
16252,1
16253,1
16254,1
16255,1
16256,1
16257,1
16258,1
16259,1
16260,1
16261,1
16262,1
16263,1
16264,1
16265,1
16266,1
16268,1
16269,1
16270,2
16271,3
16278,1
16279,2
16280,3
16299,1
16300,2
16301,3
16302,1
16303,2
16304,3
16305,1
16306,2
16307,3
16308,1
16309,2
16310,3
16311,1
16312,2
16313,3
16314,1
16315,2
16316,3
16317,1
16318,2
16319,3
16320,1
16321,2
16322,3
16323,1
16324,2
16325,3
16326,1
16327,2
16328,3
16329,1
16330,2
16331,3
16332,1
16333,2
16334,3
16338,1
16339,2
16340,3
16341,1
16342,2
16343,3
16362,1
16363,2
16364,3
16365,1
16366,2
16367,3
16368,1
16369,2
16370,3
16371,1
16372,2
16373,3
16374,1
16375,2
16376,1
16377,2
16378,1
16379,2
16380,1
16381,2
16382,1
16383,2
16384,1
16385,2
16386,1
16387,2
16388,1
16389,2
16390,1
16391,2
16392,1
16393,2
16394,1
16395,2
16396,1
16397,2
16501,1
16502,1
16503,1
16504,1
16505,1
16506,1
16507,1
16508,1
16509,1
16510,1
16511,1
16512,1
16513,1
16514,1
16515,1
16516,1
16517,1
16518,1
16519,1
16520,1
16521,1
16522,1
16523,1
16524,1
16525,1
16526,1
16527,1
16528,1
16529,1
16530,1
16531,1
16532,1
16533,1
16534,1
16535,1
16536,1
16537,1
16538,1
16539,1
16540,1
16541,1
16542,1
16543,1
16544,1
16545,1
16546,1
16547,1
16548,1
16549,1
16550,1
16551,1
16552,1
16553,1
16554,1
16555,1
16556,1
16557,1
16558,1
16559,1
16560,1
16561,1
16562,1
16563,1
16564,1
16565,1
16566,1
16567,1
16568,1
16569,1
16570,1
16571,1
16572,1
16573,1
16574,1
16575,1
16576,1
16577,1
16578,1
16579,1
16580,1
16581,1
16582,1
16583,1
16584,1
16585,1
16586,1
16587,1
16588,1
16589,1
16590,1
16591,1
16592,1
16593,1
16594,1
16595,1
16596,1
16597,1
16598,1
16599,1
16600,1
16601,1
16602,1
16603,1
16604,1
16605,1
16606,1
16607,1
16608,1
16609,1
16610,1
16611,1
16612,1
16613,1
16614,1
16615,1
16616,1
16617,1
16618,1
16619,1
16620,1
16621,1
16622,1
16623,1
16624,1
16625,1
16626,1
16627,1
16628,1
16629,1
16630,1
16631,1
16632,1
16633,1
16634,1
16635,1
16636,1
16637,1
16638,1
16639,1
16640,1
16641,1
16642,1
16643,1
16644,1
16645,1
16646,1
16647,1
16648,1
16649,1
16650,1
16651,1
16652,1
16653,1
16654,1
16655,1
16656,1
16657,1
16658,1
16659,1
16660,1
16661,1
16662,1
16663,1
16664,1
16665,1
16666,1
16667,1
16668,1
16669,1
16670,1
16671,1
16672,1
16673,1
16674,1
16675,1
16676,1
16677,1
16678,1
16679,1
16680,1
16681,1
16682,1
16683,1
16684,1
16685,1
16686,1
16687,1
16688,1
16689,1
16690,1
16691,1
16692,1
20098,1
20252,1
20253,1
20254,1
951,1
952,33
953,36
954,22
955,34
956,33
957,23
958,6
959,1
960,1
961,1
962,1
963,1
965,41
966,1
967,55
968,30
969,30
970,25
971,30
972,6
973,1
974,1
975,1
976,20
989,1
990,1
991,1
992,1
993,1
994,1
995,1
996,1
997,42
998,82
999,1
1000,1
1001,42
1002,42
1003,42
1004,1
1005,1
1006,1
1007,1
1008,1
1009,1
1010,1
1011,1
1012,1
1013,1
1014,1
1015,1
1016,1
1017,1
1018,1
1019,20
1020,1
1021,20
1022,1
1026,32
1027,35
1028,38
1029,41
1030,25
1031,40
1032,44
1033,48
1034,52
1035,56
1036,53
1037,58
1038,63
1039,67
1040,80
1041,35
1042,34
1043,37
1044,40
1045,43
1046,38
1047,42
1048,46
1049,50
1050,49
1051,54
1052,59
1053,64
1054,53
1055,25
1056,28
1057,31
1058,34
1059,15
1060,18
1061,20
1062,22
1063,24
1064,21
1065,24
1066,27
1067,30
1068,34
1069,37
1070,40
1071,43
1072,36
1073,40
1074,44
1075,48
1076,39
1077,43
1078,47
1079,51
1080,55
1081,60
1082,65
1083,70
1084,81
1085,79
1086,1
1087,14
1088,40
1089,1
1090,20
1091,1
1092,15
1093,18
1094,21
1095,24
1099,100
1101,15
1102,20
1103,25
1104,30
1105,36
1107,41
1108,46
1109,20
1110,25
1111,30
1113,35
1114,39
1115,43
1116,47
1117,18
1118,23
1119,28
1120,33
1121,38
1122,44
1123,50
1124,56
1125,54
1126,60
1127,66
1128,72
1129,64
1130,1
1131,52
1132,50
1133,30
1134,35
1135,40
1136,45
1137,40
1138,45
1139,50
1140,55
1141,24
1142,24
1143,56
1144,61
1145,66
1146,71
1147,35
1148,24
1149,29
1150,33
1151,37
1152,28
1153,35
1154,42
1157,50
1161,41
1162,60
1163,46
1164,52
1165,1
1166,1
1167,1
1168,1
1169,1
1170,1
1171,1
1172,1
1173,1
1174,1
1175,1
1176,1
1177,1
1178,1
1179,1
1180,1
1181,1
1182,1
1183,1
1184,1
1185,1
1186,1
1187,1
1188,1
1189,1
1190,1
1191,1
1192,1
1193,1
1194,1
1195,1
1196,1
1197,1
1198,1
1199,1
1200,1
1201,1
1202,1
1203,1
1204,1
1205,1
1206,1
1207,1
1208,1
1209,1
1210,1
1211,1
1212,1
1213,1
1214,1
1215,1
1216,1
1217,1
1218,1
1219,1
1220,1
1221,1
1222,1
1223,1
1224,1
1225,1
1226,1
1227,1
1228,1
1229,1
1230,1
1231,1
1232,1
1233,1
1234,1
1235,1
1236,1
1237,1
1238,1
1239,1
1240,1
1241,1
1242,1
1243,1
1244,1
1245,1
1246,1
1247,1
1248,1
1249,1
1250,1
1251,1
1252,1
1253,1
1254,1
1255,1
1256,1
1257,1
1258,1
1259,1
1260,1
1261,1
1262,1
1263,1
1264,1
1265,1
1266,1
1267,1
1268,1
1269,1
1270,1
1271,1
1272,1
1273,1
1274,1
1275,1
1276,1
1277,1
1278,1
1279,1
1280,1
1281,1
1282,1
1283,1
1284,1
1285,1
1286,1
1287,1
1288,1
1289,1
1290,1
1291,1
1292,1
1293,1
1294,1
1295,1
1296,1
1297,1
1298,1
1299,1
1300,1
1301,1
1302,1
1303,1
1304,1
1305,1
1306,1
1307,1
1308,1
1309,1
1310,1
1311,1
1312,1
1313,1
1314,1
1315,1
1316,1
1317,1
1318,1
1319,1
1320,1
1321,1
1322,1
1323,1
1324,1
1325,1
1326,1
1327,1
1328,1
1329,1
1330,10
1331,51
1332,1
1333,1
1334,1
1335,1
1336,1
1337,1
1338,1
1339,1
1340,25
1341,25
1342,25
1343,25
1344,1
1345,50
1346,50
1347,50
1348,50
1350,15
1352,50
1353,41
1354,50
1355,40
1356,11
1357,35
1359,59
1360,48
1361,43
1362,65
1363,40
1364,30
1365,20
1366,12
1367,40
1369,33
1370,20
1371,40
1372,44
1373,30
1374,30
1375,15
1376,35
1377,22
1378,28
1379,35
1380,1
1381,1
1382,1
1383,55
1384,1
1385,1
1386,1
1387,1
1388,1
1389,1
1390,1
1391,1
1392,1
1393,54
1394,1
1395,1
1396,1
1397,1
1398,1
1399,15
1400,1
1401,1
1402,1
1403,23
1404,35
1405,60
1407,1
1408,1
1409,1
1410,1
1411,1
1412,1
1413,1
1414,1
1415,1
1416,1
1417,1
1418,1
1419,1
1420,1
1421,1
1422,1
1423,1
1424,1
1425,1
1426,24
1427,55
1428,1
1429,30
1430,45
1431,60
1432,21
1433,60
1434,1
1435,80
1436,50
1437,1
1438,25
1439,25
1440,1
1441,1
1442,1
1443,1
1444,1
1445,1
1446,1
1447,1
1448,1
1449,1
1450,1
1451,1
1452,1
1453,1
1454,1
1455,32
1456,32
1457,32
1458,32
1459,1
1460,1
1461,20
1462,30
1463,1
1464,32
1465,32
1466,32
1467,32
1468,1
1469,1
1470,1
1471,1
1472,1
1473,1
1474,52
1475,60
1476,47
1477,44
1478,47
1479,46
1480,38
1481,26
1482,41
1483,29
1484,17
1485,22
1486,31
1487,48
1488,130
1489,28
1490,13
1491,45
1493,15
1494,15
1495,36
1496,20
1497,30
1498,30
1499,59
1500,43
1501,1
1503,20
1504,30
1505,1
1506,1
1511,80
1512,1
1514,1
1515,1
1516,1
1517,1
1518,1
1519,10
1520,1
1521,10
1522,10
1523,10
1524,10
1525,10
1526,5
1527,5
1528,5
1529,5
1531,25
1532,25
1533,25
1534,25
1535,50
1536,50
1537,50
1538,50
1539,1
1542,1
1543,1
1545,20
1546,20
1547,20
1548,20
1549,20
1550,20
1551,30
1552,30
1553,30
1554,30
1555,30
1556,30
1557,50
1558,50
1559,46
1560,1
1561,1
1562,1
1563,1
1564,1
1565,1
1567,1
1568,10
1569,40
1570,30
1572,1
1573,1
1574,60
1575,1
1587,1
1588,1
1589,1
1590,1
1591,1
1592,1
1593,1
1594,1
1595,1
1596,1
1597,1
1598,1
1599,1
1600,1
1601,1
1602,48
1603,1
1604,1
1605,1
1606,1
1607,1
1608,1
1609,1
1610,78
1611,78
1612,78
1613,69
1614,69
1619,46
1620,39
1621,22
1622,22
1623,22
1624,17
1625,1
1626,1
1628,1
1629,1
1630,1
1631,1
1632,1
1633,1
1634,1
1636,40
1637,44
1638,48
1639,52
1640,46
1641,52
1642,1
1643,1
1644,1
1645,1
1646,1
1647,1
1648,1
1649,1
1650,58
1651,64
1652,39
1653,1
1654,1
1655,1
1656,26
1657,26
1660,78
1661,40
1662,34
1663,36
1664,36
1665,50
1666,51
1667,50
1668,55
1669,84
1670,24
1671,20
1672,18
1673,2
1674,46
1675,35
1676,69
1677,50
1678,42
1679,16
1680,125
1681,7
1682,78
1683,12
1684,12
1685,32
1686,10
1687,10
1688,10
1689,10
1690,22
1691,198
1692,10
1693,54
1694,115
1695,80
1696,198
1697,1
1698,5
1699,10
1700,27
1701,20
1702,15
1703,20
1704,20
1705,40
1707,60
1710,1
1711,1
1712,20
1713,40
1715,1
1716,1
1717,1
1718,40
1719,42
1720,34
1721,1
1722,1
1723,1
1724,1
1725,1
1726,1
1727,1
1728,1
1729,25
1730,1
1731,1
1732,1
1734,1
1735,1
1736,1
1737,40
1738,10
1739,80
1740,1
1741,10
1742,50
1744,1
1745,1
1746,1
1747,1
1748,1
1749,1
1750,1
1751,1
1752,1
1753,1
1754,1
1755,1
1756,1
1757,1
1758,1
1759,1
1760,1
1761,1
1762,1
1763,1
1764,1
1765,1
1766,1
1767,1
1768,1
1769,1
1770,34
1771,1
1772,34
1773,34
1774,34
1775,34
1776,34
1777,34
1778,34
1779,40
1780,40
1781,1
1782,1
1783,1
1784,50
1785,50
1786,1
1787,1
1788,50
1789,50
1790,1
1791,1
1792,70
1793,40
1794,40
1795,10
1796,40
1797,10
1798,20
1799,20
1800,20
1801,70
1802,70
1803,70
1804,70
1805,20
1806,50
1807,20
1808,50
1809,1
1810,1
1811,1
1812,1
1813,1
1814,1
1815,1
1816,1
1817,1
1818,1
1819,1
1820,1
1821,1
1822,1
1823,1
1824,1
1825,1
1826,1
1827,1
1828,1
1829,1
1830,1
1831,1
1832,1
1833,1
1834,1
1835,1
1836,1
1837,1
1838,1
1839,1
1840,1
1844,1
1845,1
1846,1
1847,10
1848,10
1849,10
1851,10
1852,80
1853,80
1854,80
1859,1
1860,1
1861,1
1862,1
1863,1
1864,1
1865,1
1866,1
1867,1
1868,1
1869,1
1870,1
1871,1
1872,1
1873,1
1874,1
1875,1
1876,1
1877,1
1878,1
1879,1
1880,1
1881,1
1882,1
1883,1
1889,20
1890,70
1891,10
1892,160
1893,36
1894,44
1895,1
1896,1
1897,40
1898,1
1899,9
1900,10
1901,80
1902,20
1903,40
1904,39
1905,60
1907,30
1908,50
1910,50
1911,10
1912,20
1913,40
1914,50
1915,1
1916,50
1917,30
1918,50
1919,80
1920,1
1921,60
1922,40
1923,60
1924,70
1925,1
1926,80
1927,30
1928,1
1929,50
1930,70
1931,1
1932,1
1933,30
1934,1
1935,1
1936,1
1937,1
1938,1
1939,1
1940,1
1941,1
1942,1
1943,1
1944,1
1945,1
1946,1
1947,1
1948,1
1949,1
1950,1
1951,1
1952,1
1953,1
1954,1
1955,1
1956,1
1957,1
1958,1
1959,1
1960,1
1961,1
1962,1
1963,1
1964,1
1965,1
1966,1
1967,1
1968,1
1969,1
1970,1
1971,1
1972,1
1973,1
1974,1
1975,1
1976,1
1977,1
1978,1
1980,1
1981,1
1982,1
1983,20
1984,20
1985,50
1986,1
1987,1
1988,40
1989,60
1990,1
1991,10
1992,20
1993,1
1994,50
1995,10
1997,20
1998,40
1999,50
2000,20
2001,40
2002,60
2003,80
2004,30
2005,50
2006,60
2007,70
2008,30
2009,50
2010,70
2012,36
2013,1
2014,40
2015,60
2016,70
2017,90
2018,1
2019,1
2020,10
2021,30
2022,1
2024,20
2025,20
2026,40
2027,1
2028,1
2029,50
2030,1
2031,10
2032,10
2033,1
2034,1
2035,70
2036,20
2037,1
2038,10
2039,1
2040,1
2041,20
2042,1
2043,1
2044,1
2045,1
2046,1
2047,1
2048,1
2049,1
2050,1
2051,1
2052,1
2053,1
2054,1
2055,1
2056,20
2058,20
2059,20
2060,20
2061,45
2062,1
2063,41
2064,10
2065,1
2066,54
2067,1
2068,1
2069,1
2070,34
2071,1
2072,1
2073,1
2074,1
2075,1
2076,1
2077,1
2079,1
2080,1
2081,1
2082,1
2083,1
2084,1
2085,1
2086,1
2087,1
2088,1
2089,1
2090,1
2091,1
2092,1
2093,1
2094,50
2095,35
2096,37
2097,43
2098,1
2099,1
2100,1
2101,1
2102,1
2103,1
2104,48
2105,1
2106,1
2107,1
2108,1
2109,1
2110,1
2111,1
2112,1
2114,1
2116,1
2117,1
2118,1
2119,1
2122,1
2123,1
2124,1
2127,1
2128,1
2129,1
2130,1
2131,1
2132,1
2133,1
2134,1
2135,1
2136,1
2137,1
2138,1
2139,1
2140,1
2141,1
2143,1
2144,1
2145,1
2146,1
2147,1
2148,1
2149,1
2150,36
2151,30
2152,1
2153,1
2154,1
2155,1
2156,1
2157,50
2158,1
2159,1
2160,1
2161,1
2162,1
2163,1
2164,1
2165,1
2166,1
2167,1
2168,1
2169,1
2170,1
2171,1
2172,1
2173,1
2174,1
2175,1
2176,1
2177,1
2178,1
2179,20
2180,1
2181,1
2182,1
2183,1
2184,1
2185,1
2186,1
2187,1
2188,1
2189,1
2190,1
2191,1
2192,1
2193,1
2194,1
2195,1
2196,1
2197,1
2198,1
2199,1
2200,1
2201,1
2202,1
2203,1
2204,1
2205,1
2206,1
2207,1
2208,1
2209,1
2210,1
2211,1
2212,1
2213,1
2214,1
2215,1
2216,1
2218,1
2219,1
2220,1
2221,1
2222,1
2223,1
2224,1
2225,1
2226,1
2228,1
2229,1
2230,1
2231,1
2232,1
2233,28
2234,1
2235,1
2236,1
2237,1
2239,1
2240,1
2241,100
2242,150
2245,36
2246,100
2247,100
2248,51
2249,35
2250,35
2251,45
2252,31
2253,42
2254,22
2255,1
2256,1
2257,1
2259,16
2260,1
2261,1
2262,1
2263,1
2264,16
2265,1
2266,18
2267,70
2268,24
2269,1
2270,1
2271,31
2272,1
2274,24
2275,40
2277,65
2278,23
2279,15
2280,22
2281,15
2282,24
2283,8
2284,1
2285,50
2286,51
2287,74
2288,18
2290,32
2291,32
2292,32
2293,32
2294,32
2295,69
2296,69
2297,34
2299,120
2300,43
2301,9
2302,4
2303,4
2304,45
2305,45
2306,45
2307,1
2308,1
2309,1
2310,1
2311,1
2312,1
2313,1
2314,1
2315,19
2316,19
2317,19
2318,12
2321,51
2322,50
2323,34
2324,1
2326,1
2327,1
2328,1
2329,1
2330,23
2331,1
2332,1
2333,1
2336,16
2337,1
2338,1
2339,1
2340,1
2341,10
2342,1
2343,1
2344,1
2345,1
2346,1
2347,1
2348,1
2349,1
2350,1
2351,1
2354,1
2355,1
2356,1
2357,50
2358,50
2359,1
2360,1
2361,10
2362,1
2364,1
2365,1
2366,1
2367,37
2368,37
2369,80
2370,41
2371,27
2372,39
2373,62
2374,38
2375,77
2376,1
2378,1
2379,40
2380,41
2381,61
2382,36
2383,50
2384,94
2385,88
2386,53
2387,63
2388,44
2389,32
2390,49
2391,98
2392,42
2393,17
2394,32
2395,42
2397,30
2398,52
2399,15
2400,122
2401,1
2402,30
2403,49
2404,55
2409,41
2410,45
2411,10
2413,45
2414,10
2415,41
2416,10
2417,45
2418,42
2419,10
2420,40
2421,40
2422,10
2423,45
2424,42
2425,3
2426,20
2427,41
2428,20
2429,45
2430,1
2431,1
2432,1
2433,1
2435,45
2436,45
2437,200
2438,50
2440,70
2441,30
2442,50
2443,50
2444,52
2445,50
2446,60
2447,60
2448,9
2449,9
2451,9
2453,9
2454,9
2455,9
2460,2
2462,19
2463,19
2464,19
2465,19
2468,19
2469,60
2470,60
2471,60
2472,60
2473,1
2474,1
2475,1
2476,1
2477,1
2478,1
2479,18
2481,18
2482,18
2483,30
2484,18
2485,40
2486,18
2487,36
2488,36
2489,58
2490,36
2491,51
2492,51
2493,51
2494,51
2495,9
2496,9
2497,9
2498,40
2499,9
2500,9
2502,19
2503,19
2504,19
2505,19
2506,10
2507,10
2508,10
2509,10
2510,44
2511,44
2512,44
2513,44
2514,44
2515,44
2516,44
2517,45
2518,45
2519,44
2520,44
2521,43
2523,45
2524,46
2525,160
2526,160
2527,160
2528,70
2529,1
2530,60
2531,60
2532,60
2534,41
2535,41
2537,41
2538,1
2539,1
2540,1
2541,1
2542,1
2543,1
2544,45
2545,45
2546,45
2547,127
2549,70
2550,70
2551,70
2552,70
2553,40
2554,40
2555,40
2556,34
2557,34
2558,34
2559,115
2560,115
2561,115
2562,115
2563,35
2564,35
2565,35
2566,35
2567,1
2568,1
2569,1
2570,1
2571,18
2573,18
2575,70
2576,22
2577,198
2578,70
2579,22
2580,198
2581,198
2582,198
2583,4
2584,19
2585,19
2586,29
2587,3
2588,29
2589,6
2590,12
2591,27
2592,39
2593,42
2594,17
2595,51
2596,29
2597,54
2598,29
2599,29
2600,66
2601,57
2602,12
2603,66
2604,78
2605,12
2606,81
2607,14
2608,84
2609,24
2610,24
2611,24
2612,87
2613,24
2614,90
2615,96
2616,99
2617,14
2618,14
2619,14
2620,94
2621,94
2622,94
2623,94
2624,42
2625,51
2626,51
2627,51
2628,51
2629,121
2630,44
2631,44
2632,44
2633,24
2634,24
2635,80
2636,100
2637,35
2638,68
2639,95
2640,30
2641,30
2642,33
2643,70
2644,70
2645,70
2646,20
2647,20
2648,30
2649,30
2650,30
2651,30
2652,30
2653,43
2654,43
2655,120
2656,43
2659,12
2661,12
2662,8
2663,8
2664,36
2665,9
2666,125
2667,125
2673,3
2674,15
2675,3
2676,274
2677,98
2678,42
2681,60
2683,60
2685,60
2687,60
2688,50
2689,29
2710,32
2711,5
2712,5
2713,6
2714,6
2715,7
2716,7
2717,8
2718,8
2719,9
2720,9
2721,10
2722,10
2723,11
2724,11
2725,12
2726,12
2727,13
2728,13
2729,14
2730,14
2731,15
2732,15
2733,16
2734,16
2735,17
2736,17
2737,18
2738,18
2739,19
2740,19
2741,20
2742,20
2743,21
2744,21
2745,22
2746,22
2747,23
2748,23
2749,24
2750,24
2751,25
2752,25
2753,26
2754,26
2755,27
2756,27
2757,28
2758,28
2759,29
2760,29
2761,30
2762,30
2763,31
2764,31
2765,32
2766,32
2767,33
2768,33
2769,34
2770,34
2771,35
2772,35
2773,36
2774,36
2775,37
2776,37
2777,38
2778,38
2779,39
2780,39
2781,40
2782,40
2783,41
2784,41
2785,42
2786,42
2787,43
2788,43
2789,44
2790,44
2791,45
2792,45
2793,46
2794,46
2795,47
2796,47
2797,48
2798,48
2799,49
2800,49
2801,50
2802,50
2803,8
2804,81
2805,80
2806,198
2807,129
2808,77
2809,49
2810,26
2811,65
2898,51
2899,51
2900,52
2901,52
2902,53
2903,53
2904,54
2905,54
2906,55
2907,55
2908,56
2909,56
2910,57
2911,57
2912,58
2913,58
2914,59
2915,59
2916,60
2917,60
2918,61
2919,61
2920,62
2921,62
2922,63
2923,63
2924,64
2925,64
2926,65
2927,65
2928,66
2929,66
2930,67
2931,67
2932,68
2933,68
2934,69
2935,69
2936,70
2937,70
2938,71
2939,71
2940,72
2941,72
2942,73
2943,73
2944,74
2945,74
2946,75
2947,75
2948,76
2949,76
2950,77
2951,77
2952,78
2953,78
2954,79
2955,79
2956,80
2957,80
2958,81
2959,81
2960,82
2961,82
2962,83
2963,83
2964,84
2965,84
2966,85
2967,85
2968,86
2969,86
2970,87
2971,87
2972,88
2973,88
2974,89
2975,89
2976,90
2977,90
2978,91
2979,91
2980,92
2981,92
2982,93
2983,93
2984,94
2985,94
2986,95
2987,95
2988,96
2989,96
2990,97
2991,97
2992,98
2993,98
2994,99
2995,99
2996,100
2997,100
2998,125
2999,125
3000,43
3001,43
3002,43
3103,101
3104,101
3105,102
3106,102
3107,103
3108,103
3109,104
3110,104
3111,105
3112,105
3113,106
3114,106
3115,107
3116,107
3117,108
3118,108
3119,109
3120,109
3121,110
3122,110
3123,111
3124,111
3125,112
3126,112
3127,113
3128,113
3129,114
3130,114
3131,115
3132,115
3133,116
3134,116
3135,117
3136,117
3137,118
3138,118
3139,119
3140,119
3141,120
3142,120
3143,121
3144,121
3145,122
3146,122
3147,123
3148,123
3149,124
3150,124
3151,125
3152,125
3153,126
3154,126
3155,127
3156,127
3157,128
3158,128
3159,129
3160,129
3161,130
3162,130
3163,131
3164,131
3165,132
3166,132
3167,133
3168,133
3169,134
3170,134
3171,135
3172,135
3173,136
3174,136
3175,137
3176,137
3177,138
3178,138
3179,139
3180,139
3181,140
3182,140
3183,141
3184,141
3185,142
3186,142
3187,143
3188,143
3189,144
3190,144
3191,145
3192,145
3193,146
3194,146
3195,147
3196,147
3197,148
3198,148
3199,149
3200,149
3201,150
3202,150
3203,51
3204,53
3205,53
3206,67
3207,17
3208,23
3209,23
3210,5
3211,6
3212,7
3213,8
3214,9
3215,10
3216,11
3217,12
3218,13
3219,14
3220,15
3221,16
3222,17
3223,18
3224,19
3225,20
3226,21
3227,22
3228,23
3229,24
3230,25
3231,26
3232,27
3233,28
3234,29
3235,30
3236,31
3237,32
3238,33
3239,34
3240,35
3241,36
3242,37
3243,38
3244,39
3245,40
3246,41
3247,42
3248,43
3249,44
3250,45
3251,46
3252,47
3253,48
3254,49
3255,50
3256,51
3257,52
3258,53
3259,54
3260,55
3261,56
3262,57
3263,58
3264,59
3265,60
3266,61
3267,62
3268,63
3269,64
3270,65
3271,66
3272,67
3273,68
3274,69
3275,70
3276,71
3277,72
3278,73
3279,74
3280,75
3281,76
3282,77
3283,78
3284,79
3285,80
3286,81
3287,82
3288,83
3289,84
3290,85
3291,86
3292,87
3293,88
3294,89
3295,90
3296,91
3297,92
3298,93
3299,94
3300,95
3301,96
3302,97
3303,98
3304,99
3305,100
3306,101
3307,102
3308,103
3309,104
3310,105
3311,106
3312,107
3313,108
3314,109
3315,110
3316,111
3317,112
3318,113
3319,114
3320,115
3321,116
3322,117
3323,118
3324,119
3325,120
3326,121
3327,122
3328,123
3329,124
3330,125
3331,126
3332,127
3333,128
3334,129
3335,130
3336,131
3337,132
3338,133
3339,134
3340,135
3341,136
3342,137
3343,138
3344,139
3345,140
3346,141
3347,142
3348,143
3349,144
3350,145
3351,146
3352,147
3353,148
3354,149
3355,150
3357,49
3359,5
3360,5
3361,5
3362,6
3363,6
3364,6
3365,7
3366,7
3367,7
3368,8
3369,8
3370,8
3371,9
3372,9
3373,9
3374,10
3375,10
3376,10
3377,11
3378,11
3379,11
3380,12
3381,12
3382,12
3383,13
3384,13
3385,13
3386,14
3387,14
3388,14
3389,15
3390,15
3391,15
3392,16
3393,16
3394,16
3395,17
3396,17
3397,17
3398,18
3399,18
3400,18
3401,19
3402,19
3403,19
3404,20
3405,20
3406,20
3407,21
3408,21
3409,21
3410,22
3411,22
3412,22
3413,23
3414,23
3415,23
3416,24
3417,24
3418,24
3419,25
3420,25
3421,25
3422,26
3423,26
3424,26
3425,27
3426,27
3427,27
3428,28
3429,28
3430,28
3431,29
3432,29
3433,29
3434,30
3435,30
3436,30
3437,31
3438,31
3439,31
3440,32
3441,32
3442,32
3443,33
3444,33
3445,33
3446,34
3447,34
3448,34
3449,35
3450,35
3451,35
3452,36
3453,36
3454,36
3455,37
3456,37
3457,37
3458,38
3459,38
3460,38
3461,39
3462,39
3463,39
3464,40
3465,40
3466,40
3467,41
3468,41
3469,41
3470,42
3471,42
3472,42
3473,43
3474,43
3475,43
3476,44
3477,44
3478,44
3479,45
3480,45
3481,45
3482,46
3483,46
3484,46
3485,47
3486,47
3487,47
3488,48
3489,48
3490,48
3491,49
3492,49
3493,49
3494,50
3495,50
3496,50
3497,51
3498,51
3499,51
3500,52
3501,52
3502,52
3503,53
3504,53
3505,53
3506,54
3507,54
3508,54
3509,55
3510,55
3511,55
3512,56
3513,56
3514,56
3515,57
3516,57
3517,57
3518,58
3519,58
3520,58
3521,59
3522,59
3523,59
3524,60
3525,60
3526,60
3527,61
3528,61
3529,61
3530,62
3531,62
3532,62
3533,63
3534,63
3535,63
3536,64
3537,64
3538,64
3539,65
3540,65
3541,65
3542,66
3543,66
3544,66
3545,67
3546,67
3547,67
3548,68
3549,68
3550,68
3551,69
3552,69
3553,69
3554,70
3555,70
3556,70
3557,71
3558,71
3559,71
3560,72
3561,72
3562,72
3563,73
3564,73
3565,73
3566,74
3567,74
3568,74
3569,75
3570,75
3571,75
3572,76
3573,76
3574,76
3575,77
3576,77
3577,77
3578,78
3579,78
3580,78
3581,79
3582,79
3583,79
3584,80
3585,80
3586,80
3587,81
3588,81
3589,81
3590,82
3591,82
3592,82
3593,83
3594,83
3595,83
3596,84
3597,84
3598,84
3599,85
3600,85
3601,85
3602,86
3603,86
3604,86
3605,87
3606,87
3607,87
3608,88
3609,88
3610,88
3611,89
3612,89
3613,89
3614,90
3615,90
3616,90
3617,91
3618,91
3619,91
3620,92
3621,92
3622,92
3623,93
3624,93
3625,93
3626,94
3627,94
3628,94
3629,95
3630,95
3631,95
3632,96
3633,96
3634,96
3635,97
3636,97
3637,97
3638,98
3639,98
3640,98
3641,99
3642,99
3643,99
3644,100
3645,100
3646,100
3647,83
3648,83
3649,95
3650,120
3651,90
3652,112
3653,101
3654,101
3655,101
3656,102
3657,102
3658,102
3659,103
3660,103
3661,103
3662,104
3663,104
3664,104
3665,105
3666,105
3667,105
3668,106
3669,106
3670,106
3671,107
3672,107
3673,107
3674,108
3675,108
3676,108
3677,109
3678,109
3679,109
3680,110
3681,110
3682,110
3683,111
3684,111
3685,111
3686,112
3687,112
3688,112
3689,113
3690,113
3691,113
3692,114
3693,114
3694,114
3695,115
3696,115
3697,115
3698,116
3699,116
3700,116
3701,117
3702,117
3703,117
3704,118
3705,118
3706,118
3707,119
3708,119
3709,119
3710,120
3711,120
3712,120
3713,121
3714,121
3715,121
3716,122
3717,122
3718,122
3719,123
3720,123
3721,123
3722,124
3723,124
3724,124
3725,125
3726,125
3727,125
3728,126
3729,126
3730,126
3731,127
3732,127
3733,127
3734,128
3735,128
3736,128
3737,129
3738,129
3739,129
3740,130
3741,130
3742,130
3743,131
3744,131
3745,131
3746,132
3747,132
3748,132
3749,133
3750,133
3751,133
3752,134
3753,134
3754,134
3755,135
3756,135
3757,135
3758,136
3759,136
3760,136
3761,137
3762,137
3763,137
3764,138
3765,138
3766,138
3767,139
3768,139
3769,139
3770,140
3771,140
3772,140
3773,141
3774,141
3775,141
3776,142
3777,142
3778,142
3779,143
3780,143
3781,143
3782,144
3783,144
3784,144
3785,145
3786,145
3787,145
3788,146
3789,146
3790,146
3791,147
3792,147
3793,147
3794,148
3795,148
3796,148
3797,149
3798,149
3799,149
3800,150
3801,150
3802,150
3803,5
3804,5
3805,5
3806,6
3807,6
3808,6
3809,7
3810,7
3811,7
3812,8
3813,8
3814,8
3815,9
3816,9
3817,9
3818,10
3819,10
3820,10
3821,11
3822,11
3823,11
3824,12
3825,12
3826,12
3827,13
3828,13
3829,13
3830,14
3831,14
3832,14
3833,15
3834,15
3835,15
3836,16
3837,16
3838,16
3839,17
3840,17
3841,17
3842,18
3843,18
3844,18
3845,19
3846,19
3847,19
3848,20
3849,20
3850,20
3851,21
3852,21
3853,21
3854,22
3855,22
3856,22
3857,23
3858,23
3859,23
3860,24
3861,24
3862,24
3863,25
3864,25
3865,25
3866,26
3867,26
3868,26
3869,27
3870,27
3871,27
3872,28
3873,28
3874,28
3875,29
3876,29
3877,29
3878,30
3879,30
3880,30
3881,31
3882,31
3883,31
3884,32
3885,32
3886,32
3887,33
3888,33
3889,33
3890,34
3891,34
3892,34
3893,35
3894,35
3895,35
3896,36
3897,36
3898,36
3899,37
3900,37
3901,37
3902,38
3903,38
3904,38
3905,39
3906,39
3907,39
3908,40
3909,40
3910,40
3911,41
3912,41
3913,41
3914,42
3915,42
3916,42
3917,43
3918,43
3919,43
3920,44
3921,44
3922,44
3923,45
3924,45
3925,45
3926,46
3927,46
3928,46
3929,47
3930,47
3931,47
3932,48
3933,48
3934,48
3935,49
3936,49
3937,49
3938,50
3939,50
3940,50
3941,51
3942,51
3943,51
3944,52
3945,52
3946,52
3947,53
3948,53
3949,53
3950,54
3951,54
3952,54
3953,55
3954,55
3955,55
3956,56
3957,56
3958,56
3959,57
3960,57
3961,57
3962,58
3963,58
3964,58
3965,59
3966,59
3967,59
3968,60
3969,60
3970,60
3971,61
3972,61
3973,61
3974,62
3975,62
3976,62
3977,63
3978,63
3979,63
3980,64
3981,64
3982,64
3983,65
3984,65
3985,65
3986,66
3987,66
3988,66
3989,67
3990,67
3991,67
3992,68
3993,68
3994,68
3995,69
3996,69
3997,69
3998,70
3999,70
4000,70
4001,71
4002,71
4003,71
4004,72
4005,72
4006,72
4007,73
4008,73
4009,73
4010,74
4011,74
4012,74
4013,75
4014,75
4015,75
4016,76
4017,76
4018,76
4019,77
4020,77
4021,77
4022,78
4023,78
4024,78
4025,79
4026,79
4027,79
4028,80
4029,80
4030,80
4031,81
4032,81
4033,81
4034,82
4035,82
4036,82
4037,83
4038,83
4039,83
4040,84
4041,84
4042,84
4043,85
4044,85
4045,85
4046,86
4047,86
4048,86
4049,87
4050,87
4051,87
4052,88
4053,88
4054,88
4055,89
4056,89
4057,89
4058,90
4059,90
4060,90
4061,91
4062,91
4063,91
4064,92
4065,92
4066,92
4067,93
4068,93
4069,93
4070,94
4071,94
4072,94
4073,95
4074,95
4075,95
4076,96
4077,96
4078,96
4079,97
4080,97
4081,97
4082,98
4083,98
4084,98
4085,99
4086,99
4087,99
4088,100
4089,100
4090,100
4091,101
4092,101
4093,101
4094,102
4095,102
4096,102
4097,103
4098,103
4099,103
4100,104
4101,104
4102,104
4103,105
4104,105
4105,105
4106,106
4107,106
4108,106
4109,107
4110,107
4111,107
4112,108
4113,108
4114,108
4115,109
4116,109
4117,109
4118,110
4119,110
4120,110
4121,111
4122,111
4123,111
4124,112
4125,112
4126,112
4127,113
4128,113
4129,113
4130,114
4131,114
4132,114
4133,115
4134,115
4135,115
4136,116
4137,116
4138,116
4139,117
4140,117
4141,117
4142,118
4143,118
4144,118
4145,119
4146,119
4147,119
4148,120
4149,120
4150,120
4151,121
4152,121
4153,121
4154,122
4155,122
4156,122
4157,123
4158,123
4159,123
4160,124
4161,124
4162,124
4163,125
4164,125
4165,125
4166,126
4167,126
4168,126
4169,127
4170,127
4171,127
4172,128
4173,128
4174,128
4175,129
4176,129
4177,129
4178,130
4179,130
4180,130
4181,131
4182,131
4183,131
4184,132
4185,132
4186,132
4187,133
4188,133
4189,133
4190,134
4191,134
4192,134
4193,135
4194,135
4195,135
4196,136
4197,136
4198,136
4199,137
4200,137
4201,137
4202,138
4203,138
4204,138
4205,139
4206,139
4207,139
4208,140
4209,140
4210,140
4211,141
4212,141
4213,141
4214,142
4215,142
4216,142
4217,143
4218,143
4219,143
4220,144
4221,144
4222,144
4223,145
4224,145
4225,145
4226,146
4227,146
4228,146
4229,147
4230,147
